Time,Id,Channel1,Like,Dislike 
4196.923077,4193.846154,4189.230769,4248.717949,4220,4215.384615,4244.615385,4223.589744,4228.205128,4218.974359,4202.564103,4209.74359,4183.076923,4146.666667
4190.25641,4198.461538,4189.230769,4249.230769,4221.025641,4212.820513,4247.179487,4222.564103,4228.717949,4218.461538,4210.769231,4213.846154,4186.153846,4140
4192.820513,4197.435897,4187.179487,4249.230769,4226.153846,4204.615385,4251.794872,4215.897436,4223.589744,4221.025641,4200.512821,4212.820513,4178.461538,4137.948718
4195.897436,4191.794872,4186.153846,4247.179487,4222.564103,4205.641026,4254.871795,4218.461538,4230.25641,4217.948718,4192.307692,4206.666667,4175.897436,4133.846154
4188.205128,4178.974359,4182.051282,4241.025641,4218.461538,4204.615385,4249.74359,4217.948718,4224.615385,4218.461538,4183.589744,4200.512821,4164.615385,4131.282051
4184.102564,4181.538462,4176.923077,4239.487179,4222.564103,4199.487179,4243.589744,4206.153846,4211.282051,4224.615385,4178.461538,4198.974359,4156.923077,4129.74359
4190.25641,4193.846154,4179.487179,4245.128205,4220.512821,4201.025641,4237.948718,4202.051282,4212.820513,4223.076923,4182.564103,4197.435897,4164.102564,4124.615385
4190.25641,4183.076923,4183.589744,4245.128205,4219.487179,4202.564103,4233.846154,4204.102564,4214.871795,4220,4180.512821,4192.820513,4164.615385,4124.102564
4179.487179,4174.871795,4174.358974,4235.897436,4221.025641,4197.948718,4234.871795,4193.333333,4204.615385,4224.102564,4171.794872,4186.666667,4155.384615,4121.538462
4184.615385,4187.692308,4171.282051,4237.435897,4221.538462,4200,4238.461538,4192.307692,4204.102564,4224.615385,4175.897436,4195.384615,4162.564103,4113.846154
4199.487179,4201.538462,4181.025641,4248.205128,4222.051282,4202.051282,4229.230769,4206.666667,4216.923077,4226.153846,4185.128205,4205.641026,4177.948718,4108.717949
4198.461538,4206.666667,4188.205128,4248.717949,4220.512821,4203.589744,4212.307692,4212.307692,4225.128205,4227.179487,4192.307692,4201.538462,4183.589744,4109.74359
4191.794872,4193.846154,4186.153846,4244.615385,4222.564103,4198.461538,4197.435897,4203.589744,4222.564103,4225.128205,4190.769231,4201.538462,4173.333333,4112.820513
4188.205128,4183.589744,4176.410256,4241.025641,4221.538462,4175.897436,4188.205128,4192.820513,4211.282051,4226.666667,4183.589744,4203.076923,4161.538462,4107.692308
4187.692308,4189.74359,4176.923077,4237.948718,4220,4175.384615,4186.153846,4191.282051,4196.923077,4229.230769,4184.102564,4200,4161.538462,4104.615385
4188.717949,4183.589744,4180.512821,4234.871795,4224.615385,4197.948718,4187.179487,4200.512821,4196.923077,4220.512821,4184.615385,4200.512821,4164.615385,4107.692308
4183.589744,4170.25641,4177.435897,4229.74359,4223.076923,4195.897436,4188.205128,4206.666667,4207.692308,4212.820513,4181.538462,4203.589744,4164.102564,4108.717949
4182.564103,4172.307692,4181.025641,4229.230769,4221.538462,4178.974359,4182.051282,4196.923077,4208.205128,4225.641026,4178.461538,4206.666667,4160.512821,4108.205128
4185.128205,4177.435897,4185.641026,4231.282051,4224.102564,4185.641026,4176.410256,4193.333333,4206.666667,4231.794872,4177.435897,4205.641026,4160,4100
4184.102564,4176.410256,4182.564103,4231.282051,4223.589744,4194.358974,4183.589744,4196.923077,4211.794872,4222.051282,4179.487179,4206.666667,4162.051282,4099.487179
4183.589744,4177.948718,4181.538462,4233.846154,4221.538462,4181.538462,4185.641026,4188.205128,4205.641026,4224.102564,4182.051282,4209.74359,4162.051282,4103.589744
4179.487179,4172.820513,4175.897436,4230.769231,4218.974359,4174.871795,4173.846154,4185.128205,4196.923077,4228.717949,4177.948718,4205.641026,4156.410256,4096.923077
4176.410256,4163.076923,4166.666667,4228.205128,4221.538462,4171.282051,4163.076923,4187.692308,4200,4224.102564,4168.205128,4201.538462,4144.615385,4094.358974
4183.076923,4172.307692,4171.282051,4234.358974,4222.051282,4167.179487,4167.692308,4187.692308,4204.102564,4222.051282,4175.384615,4206.666667,4151.282051,4100.512821
4187.692308,4181.538462,4181.025641,4233.333333,4218.974359,4180.512821,4171.794872,4191.794872,4197.435897,4226.666667,4185.128205,4212.820513,4164.615385,4106.666667
4184.102564,4168.717949,4176.923077,4225.128205,4222.564103,4190.25641,4165.641026,4194.358974,4194.358974,4225.641026,4175.897436,4205.641026,4160.512821,4105.641026
4177.948718,4163.076923,4168.717949,4225.641026,4221.538462,4177.948718,4168.717949,4192.307692,4203.589744,4217.948718,4170.25641,4199.487179,4155.384615,4103.589744
4187.179487,4182.051282,4180.512821,4236.410256,4219.487179,4172.307692,4182.564103,4190.25641,4205.128205,4220,4186.153846,4209.230769,4165.641026,4112.307692
4200,4201.538462,4195.897436,4239.487179,4221.025641,4194.871795,4178.974359,4189.74359,4205.641026,4225.641026,4198.461538,4217.435897,4176.923077,4118.461538
4200,4202.564103,4191.794872,4234.358974,4221.025641,4205.641026,4161.025641,4189.230769,4213.846154,4224.615385,4187.692308,4212.820513,4175.897436,4121.025641
4201.025641,4193.846154,4186.153846,4232.820513,4220,4195.897436,4170.25641,4193.846154,4216.410256,4224.615385,4181.538462,4211.282051,4172.307692,4125.641026
4208.717949,4197.435897,4191.282051,4229.230769,4217.435897,4204.615385,4196.410256,4204.615385,4224.102564,4226.666667,4200,4218.461538,4186.666667,4125.128205
4219.487179,4216.923077,4201.538462,4234.358974,4219.487179,4217.948718,4198.974359,4216.410256,4242.564103,4226.666667,4216.923077,4228.717949,4204.102564,4129.74359
4222.564103,4233.333333,4204.615385,4247.179487,4223.589744,4215.384615,4198.974359,4232.307692,4253.333333,4221.538462,4222.051282,4230.769231,4207.692308,4133.333333
4218.974359,4229.230769,4202.051282,4240.512821,4221.538462,4221.538462,4214.871795,4237.435897,4254.871795,4219.487179,4222.564103,4227.179487,4209.230769,4126.666667
4220.512821,4218.461538,4204.615385,4234.358974,4223.076923,4229.74359,4212.820513,4224.615385,4249.74359,4224.102564,4215.384615,4229.230769,4203.589744,4120.512821
4219.487179,4226.666667,4207.179487,4242.564103,4221.538462,4222.564103,4194.358974,4220,4241.538462,4228.205128,4209.230769,4228.717949,4195.897436,4121.025641
4217.948718,4234.871795,4206.666667,4242.564103,4218.974359,4218.974359,4188.717949,4227.179487,4242.564103,4221.025641,4216.410256,4226.153846,4206.153846,4128.717949
4227.179487,4233.846154,4214.871795,4235.384615,4223.076923,4229.74359,4200.512821,4230.25641,4252.307692,4220,4229.74359,4234.358974,4231.282051,4132.820513
4240.512821,4238.974359,4225.641026,4239.487179,4223.076923,4235.384615,4217.435897,4234.871795,4254.358974,4230.25641,4241.025641,4238.974359,4249.74359,4133.333333
4248.205128,4245.128205,4229.74359,4245.641026,4221.025641,4225.128205,4212.820513,4234.871795,4249.74359,4226.666667,4242.564103,4233.333333,4256.410256,4135.384615
4247.179487,4248.205128,4228.205128,4238.974359,4219.487179,4213.846154,4195.897436,4219.487179,4251.282051,4220,4248.205128,4231.794872,4273.333333,4134.358974
4253.846154,4256.410256,4230.769231,4240,4220,4216.923077,4201.025641,4216.410256,4255.384615,4225.641026,4270.25641,4242.051282,4299.487179,4140
4269.230769,4273.846154,4238.974359,4248.205128,4223.076923,4225.641026,4214.871795,4229.230769,4254.358974,4221.025641,4283.589744,4251.282051,4309.230769,4147.179487
4270.769231,4274.871795,4239.487179,4246.153846,4222.051282,4221.025641,4213.846154,4227.179487,4251.794872,4211.794872,4276.410256,4248.717949,4306.153846,4145.641026
4266.666667,4256.923077,4235.897436,4243.076923,4222.564103,4209.230769,4204.615385,4218.974359,4244.102564,4220.512821,4269.74359,4244.615385,4306.666667,4147.179487
4272.307692,4264.102564,4235.384615,4245.128205,4222.564103,4216.410256,4206.666667,4228.205128,4245.641026,4226.666667,4279.487179,4247.179487,4316.923077,4153.333333
4282.564103,4287.179487,4243.589744,4249.74359,4223.076923,4229.230769,4212.307692,4237.435897,4261.025641,4220.512821,4294.358974,4256.923077,4329.230769,4160
4283.076923,4282.564103,4251.282051,4249.230769,4226.153846,4224.615385,4213.846154,4229.74359,4263.076923,4224.102564,4299.487179,4261.025641,4333.333333,4159.487179
4274.871795,4275.384615,4248.205128,4245.128205,4221.538462,4212.820513,4211.282051,4226.666667,4256.923077,4229.230769,4299.487179,4257.948718,4330.769231,4150.25641
4274.358974,4285.128205,4245.641026,4247.179487,4221.538462,4211.282051,4207.692308,4232.820513,4257.435897,4224.102564,4297.435897,4261.025641,4324.615385,4149.74359
4272.820513,4276.410256,4244.102564,4239.487179,4225.641026,4219.487179,4214.871795,4236.923077,4256.923077,4224.102564,4293.333333,4260.512821,4316.410256,4152.820513
4266.666667,4261.025641,4244.102564,4233.333333,4223.076923,4219.487179,4222.564103,4235.384615,4256.923077,4230.25641,4290.769231,4259.487179,4308.717949,4155.897436
4267.179487,4270.769231,4245.128205,4244.102564,4222.564103,4210.25641,4213.333333,4228.717949,4253.846154,4221.538462,4284.615385,4261.538462,4300,4161.538462
4268.717949,4277.435897,4240.512821,4244.615385,4221.538462,4209.74359,4202.051282,4221.025641,4245.128205,4213.846154,4277.948718,4254.871795,4291.794872,4161.025641
4267.692308,4262.564103,4238.974359,4235.897436,4221.538462,4215.384615,4200.512821,4212.820513,4238.974359,4222.051282,4273.846154,4251.282051,4284.615385,4160
4258.461538,4251.794872,4234.358974,4234.871795,4222.051282,4208.205128,4195.897436,4205.128205,4230.769231,4218.974359,4267.692308,4253.846154,4278.461538,4158.974359
4245.641026,4248.717949,4223.589744,4232.820513,4220,4197.435897,4181.538462,4198.974359,4217.948718,4217.435897,4258.461538,4248.717949,4271.794872,4162.051282
4244.102564,4244.102564,4223.076923,4231.794872,4221.538462,4197.435897,4179.487179,4197.435897,4220,4230.769231,4254.871795,4242.051282,4263.076923,4164.102564
4238.974359,4238.461538,4224.615385,4231.794872,4217.948718,4205.641026,4194.358974,4204.102564,4226.153846,4227.692308,4251.794872,4237.435897,4248.205128,4157.948718
4228.205128,4222.564103,4215.897436,4223.076923,4218.974359,4210.769231,4198.974359,4206.153846,4212.307692,4215.897436,4235.897436,4231.282051,4227.179487,4158.974359
4228.717949,4215.384615,4211.282051,4215.897436,4224.102564,4206.153846,4191.794872,4202.051282,4208.205128,4224.102564,4231.794872,4226.666667,4225.641026,4164.102564
4237.435897,4234.871795,4221.025641,4224.102564,4221.025641,4205.128205,4187.692308,4206.666667,4223.076923,4228.717949,4243.589744,4235.384615,4240,4167.692308
4242.051282,4247.692308,4231.282051,4233.846154,4220.512821,4210.769231,4184.615385,4212.820513,4225.641026,4219.487179,4248.717949,4245.641026,4242.051282,4177.435897
4236.410256,4236.410256,4225.128205,4223.076923,4222.051282,4210.25641,4180,4212.820513,4227.179487,4223.076923,4250.769231,4240,4239.487179,4180.512821
4233.333333,4228.717949,4221.025641,4216.410256,4222.564103,4202.051282,4174.358974,4213.333333,4229.74359,4227.179487,4253.333333,4235.384615,4238.461538,4174.871795
4232.820513,4230.769231,4222.051282,4224.615385,4223.589744,4196.923077,4169.230769,4210.25641,4221.538462,4217.435897,4248.717949,4236.923077,4230.25641,4172.820513
4228.717949,4226.666667,4218.461538,4223.589744,4222.051282,4203.076923,4173.846154,4207.179487,4221.538462,4216.410256,4247.692308,4234.358974,4228.205128,4179.487179
4230.769231,4223.589744,4221.025641,4221.025641,4223.076923,4212.820513,4186.666667,4210.769231,4231.794872,4222.564103,4255.897436,4234.358974,4238.461538,4186.666667
4232.307692,4228.717949,4221.538462,4220,4222.564103,4210.25641,4185.128205,4205.128205,4227.692308,4220.512821,4248.205128,4233.333333,4233.333333,4187.692308
4229.230769,4223.076923,4213.333333,4217.435897,4220.512821,4200.512821,4169.74359,4190.769231,4212.820513,4218.974359,4225.641026,4227.179487,4211.282051,4195.897436
4227.692308,4208.205128,4208.205128,4213.333333,4221.538462,4202.564103,4167.692308,4190.769231,4207.692308,4220.512821,4223.076923,4228.717949,4205.641026,4203.589744
4230.25641,4213.333333,4214.871795,4211.282051,4221.025641,4207.179487,4176.410256,4208.205128,4220,4216.410256,4241.538462,4245.128205,4219.487179,4204.615385
4236.410256,4229.230769,4224.102564,4219.487179,4222.564103,4201.538462,4173.846154,4214.871795,4235.384615,4216.923077,4248.205128,4262.051282,4226.666667,4210.25641
4235.897436,4228.205128,4218.974359,4220,4224.102564,4197.948718,4166.666667,4204.102564,4232.307692,4226.666667,4239.487179,4259.487179,4222.051282,4211.282051
4233.333333,4217.435897,4218.461538,4212.307692,4223.589744,4202.564103,4174.358974,4204.615385,4223.076923,4227.692308,4240,4257.948718,4221.025641,4210.25641
4237.948718,4215.384615,4229.230769,4214.871795,4224.615385,4206.666667,4183.076923,4216.410256,4227.692308,4218.974359,4252.307692,4269.230769,4228.717949,4209.230769
4241.538462,4231.794872,4230.25641,4218.974359,4222.564103,4203.589744,4175.384615,4212.820513,4230.769231,4213.846154,4257.435897,4270.25641,4230.25641,4205.641026
4244.102564,4245.641026,4225.641026,4218.461538,4223.589744,4197.948718,4165.641026,4197.948718,4217.435897,4220,4243.589744,4262.051282,4214.871795,4207.179487
4244.615385,4249.74359,4225.641026,4217.435897,4223.076923,4202.051282,4171.282051,4199.487179,4210.25641,4228.717949,4231.282051,4260,4201.025641,4209.74359
4238.974359,4258.974359,4225.128205,4219.487179,4222.051282,4209.74359,4183.076923,4204.615385,4210.769231,4223.589744,4229.230769,4261.025641,4197.948718,4214.358974
4233.333333,4264.102564,4216.923077,4218.974359,4224.615385,4206.666667,4180,4196.410256,4202.051282,4223.076923,4220.512821,4252.820513,4185.128205,4216.410256
4226.153846,4256.923077,4210.25641,4214.871795,4222.564103,4198.461538,4168.205128,4188.205128,4192.307692,4229.74359,4205.641026,4233.846154,4163.589744,4206.666667
4224.102564,4255.897436,4207.692308,4213.846154,4222.051282,4193.846154,4164.102564,4183.076923,4183.076923,4226.153846,4192.307692,4220,4145.641026,4199.487179
4226.153846,4264.615385,4206.153846,4213.846154,4225.128205,4198.461538,4171.282051,4183.076923,4182.051282,4221.025641,4187.692308,4218.974359,4142.051282,4202.051282
4224.102564,4263.589744,4208.205128,4216.410256,4224.102564,4203.589744,4177.948718,4189.230769,4192.820513,4226.153846,4192.307692,4225.128205,4146.153846,4207.692308
4225.128205,4263.589744,4214.871795,4221.538462,4223.076923,4202.051282,4183.076923,4196.410256,4195.384615,4224.102564,4198.461538,4228.717949,4147.179487,4212.820513
4227.179487,4276.410256,4218.461538,4221.025641,4218.461538,4208.717949,4191.282051,4201.025641,4197.948718,4213.846154,4204.615385,4226.666667,4155.897436,4214.358974
4229.230769,4281.538462,4222.051282,4222.564103,4218.461538,4220,4196.410256,4200.512821,4205.641026,4219.487179,4209.74359,4226.666667,4168.205128,4214.358974
4233.846154,4276.923077,4223.076923,4223.076923,4223.076923,4223.589744,4203.589744,4200,4207.692308,4225.641026,4210.25641,4228.205128,4168.717949,4208.205128
4236.410256,4277.435897,4220,4218.461538,4222.564103,4225.641026,4212.307692,4204.102564,4209.230769,4222.051282,4209.230769,4228.717949,4168.717949,4204.102564
4238.974359,4278.974359,4221.538462,4219.487179,4224.615385,4232.820513,4212.307692,4209.74359,4218.974359,4218.974359,4211.794872,4231.282051,4173.846154,4208.205128
4241.025641,4289.230769,4228.717949,4224.615385,4224.615385,4239.487179,4217.948718,4221.538462,4233.333333,4217.435897,4218.974359,4232.307692,4178.461538,4211.794872
4251.282051,4308.205128,4241.538462,4231.282051,4222.051282,4248.717949,4241.025641,4240.512821,4250.25641,4221.025641,4231.794872,4238.974359,4190.25641,4218.974359
4256.923077,4310.25641,4246.153846,4234.871795,4223.076923,4253.846154,4252.820513,4247.179487,4256.410256,4220.512821,4241.538462,4245.128205,4203.589744,4221.538462
4243.589744,4296.410256,4236.410256,4229.74359,4222.564103,4245.128205,4241.538462,4233.333333,4243.589744,4217.435897,4237.435897,4238.461538,4200.512821,4218.974359
4238.461538,4291.794872,4234.871795,4228.717949,4224.102564,4238.461538,4237.948718,4227.692308,4236.410256,4225.128205,4228.205128,4233.846154,4196.923077,4222.051282
4238.461538,4290.25641,4234.871795,4226.153846,4222.564103,4239.487179,4243.076923,4235.897436,4241.538462,4234.358974,4224.615385,4233.846154,4199.487179,4216.923077
4231.282051,4277.435897,4224.102564,4217.948718,4221.025641,4237.435897,4238.974359,4229.74359,4236.923077,4226.153846,4220,4230.25641,4191.794872,4212.307692
4234.871795,4279.487179,4223.076923,4221.025641,4223.589744,4239.487179,4242.564103,4225.128205,4237.435897,4214.358974,4226.153846,4234.871795,4196.410256,4217.948718
4250.25641,4301.538462,4238.974359,4232.307692,4224.102564,4252.820513,4258.461538,4240.512821,4258.974359,4217.948718,4252.307692,4251.794872,4226.153846,4225.128205
4258.461538,4313.846154,4252.307692,4238.461538,4226.153846,4260,4265.128205,4249.230769,4270.25641,4221.538462,4270.769231,4263.589744,4244.102564,4229.74359
4257.435897,4316.923077,4253.333333,4235.384615,4226.153846,4257.948718,4268.205128,4248.717949,4273.846154,4218.974359,4268.717949,4257.948718,4243.076923,4230.25641
4258.974359,4316.923077,4251.794872,4235.384615,4222.564103,4255.384615,4264.615385,4248.717949,4276.923077,4220,4257.948718,4252.307692,4240.512821,4234.358974
4262.051282,4313.333333,4255.384615,4237.948718,4221.538462,4252.307692,4253.333333,4242.564103,4271.794872,4221.538462,4258.461538,4258.974359,4241.538462,4240
4261.025641,4309.74359,4256.410256,4232.820513,4218.974359,4257.435897,4255.897436,4241.538462,4271.282051,4215.897436,4271.794872,4264.615385,4251.282051,4236.410256
4263.589744,4306.666667,4258.461538,4229.230769,4222.051282,4261.538462,4262.564103,4244.615385,4275.897436,4215.897436,4270.769231,4265.128205,4253.333333,4233.333333
4266.666667,4312.307692,4259.487179,4231.282051,4224.102564,4256.923077,4253.846154,4239.487179,4276.923077,4226.666667,4265.641026,4264.615385,4252.307692,4233.333333
4266.153846,4322.564103,4261.025641,4234.871795,4220.512821,4251.282051,4242.564103,4236.923077,4272.820513,4228.717949,4274.871795,4264.615385,4257.948718,4236.923077
4266.666667,4320.512821,4262.564103,4236.410256,4224.102564,4252.820513,4247.179487,4242.051282,4268.717949,4219.487179,4274.358974,4265.128205,4257.435897,4239.487179
4262.051282,4310.25641,4253.846154,4231.282051,4224.102564,4253.333333,4248.205128,4237.948718,4268.205128,4215.384615,4255.897436,4261.025641,4246.153846,4238.974359
4258.974359,4298.974359,4247.179487,4229.230769,4223.076923,4242.564103,4231.794872,4226.153846,4256.923077,4221.025641,4250.25641,4258.974359,4237.435897,4245.128205
4264.615385,4301.538462,4254.871795,4231.282051,4224.615385,4242.051282,4227.692308,4225.128205,4247.692308,4225.128205,4263.076923,4262.564103,4245.128205,4250.769231
4272.820513,4316.410256,4262.051282,4234.358974,4222.564103,4257.435897,4248.205128,4240,4261.538462,4221.538462,4274.871795,4268.205128,4259.487179,4251.794872
4266.153846,4305.641026,4247.692308,4228.717949,4223.589744,4255.897436,4248.205128,4244.615385,4270.769231,4218.974359,4260.512821,4260,4245.641026,4249.230769
4249.230769,4283.076923,4229.74359,4219.487179,4224.102564,4239.487179,4228.205128,4232.307692,4255.897436,4219.487179,4234.871795,4245.641026,4219.487179,4238.974359
4257.435897,4293.333333,4245.128205,4227.179487,4224.102564,4245.128205,4236.410256,4235.384615,4257.435897,4219.487179,4242.564103,4257.948718,4230.25641,4237.435897
4272.307692,4314.871795,4264.102564,4235.897436,4224.102564,4257.948718,4249.74359,4248.717949,4275.897436,4224.102564,4268.717949,4272.820513,4255.384615,4238.974359
4260,4302.564103,4253.333333,4226.153846,4222.564103,4247.692308,4233.846154,4238.461538,4268.205128,4228.717949,4262.051282,4264.102564,4242.564103,4239.487179
4247.692308,4278.461538,4242.051282,4221.538462,4224.615385,4240.512821,4225.641026,4226.153846,4252.820513,4222.564103,4235.897436,4252.307692,4221.538462,4238.974359
4249.230769,4284.615385,4243.589744,4226.153846,4225.128205,4250.769231,4238.974359,4235.384615,4261.025641,4216.410256,4237.435897,4250.25641,4231.282051,4233.846154
4258.974359,4296.923077,4245.128205,4229.74359,4226.666667,4255.384615,4238.974359,4236.410256,4264.615385,4219.487179,4254.871795,4254.871795,4245.641026,4238.974359
4267.692308,4302.051282,4247.692308,4229.230769,4227.179487,4253.333333,4234.871795,4226.153846,4257.435897,4228.717949,4263.076923,4260,4249.74359,4245.641026
4268.205128,4305.128205,4252.307692,4230.25641,4223.589744,4260,4245.128205,4233.333333,4260,4229.74359,4264.615385,4264.615385,4251.282051,4244.615385
4267.179487,4296.410256,4255.897436,4230.769231,4224.615385,4263.076923,4250.769231,4240.512821,4269.230769,4225.128205,4260,4269.230769,4248.205128,4248.717949
4262.051282,4284.615385,4251.794872,4223.076923,4222.564103,4257.435897,4249.230769,4236.923077,4270.769231,4223.076923,4253.846154,4268.205128,4244.102564,4251.282051
4255.897436,4280,4247.179487,4222.564103,4220.512821,4252.820513,4246.153846,4236.410256,4265.641026,4224.102564,4250.769231,4261.538462,4242.051282,4246.666667
4256.923077,4283.589744,4250.769231,4231.282051,4225.128205,4253.333333,4245.128205,4240,4265.641026,4223.589744,4252.307692,4259.487179,4242.051282,4242.051282
4260,4291.282051,4253.846154,4231.282051,4223.589744,4250.25641,4247.692308,4238.461538,4268.205128,4223.076923,4252.307692,4258.974359,4243.589744,4237.435897
4262.564103,4294.358974,4253.333333,4232.820513,4222.564103,4244.615385,4241.025641,4229.74359,4263.589744,4221.538462,4251.282051,4259.487179,4242.051282,4232.307692
4257.948718,4287.179487,4249.74359,4231.282051,4223.589744,4246.153846,4232.820513,4231.282051,4264.102564,4216.410256,4252.820513,4258.461538,4240,4229.230769
4248.205128,4278.974359,4246.153846,4222.051282,4223.076923,4246.666667,4235.384615,4240,4270.25641,4218.461538,4246.153846,4254.358974,4235.897436,4227.179487
4244.615385,4277.435897,4241.025641,4222.564103,4224.615385,4244.102564,4237.435897,4233.846154,4261.538462,4220,4237.435897,4251.282051,4229.230769,4220
4245.128205,4273.333333,4229.230769,4226.666667,4224.615385,4235.897436,4231.282051,4224.615385,4250.769231,4217.435897,4238.461538,4252.307692,4225.128205,4213.846154
4245.128205,4264.102564,4228.205128,4223.076923,4226.153846,4228.205128,4228.717949,4224.615385,4250.769231,4218.461538,4241.025641,4257.435897,4223.076923,4218.974359
4247.179487,4266.666667,4238.461538,4220.512821,4224.102564,4240,4236.923077,4230.769231,4254.871795,4217.948718,4242.564103,4258.461538,4230.769231,4223.589744
4255.897436,4281.025641,4247.692308,4228.205128,4222.051282,4257.435897,4244.615385,4239.487179,4264.615385,4218.461538,4248.717949,4258.974359,4241.538462,4227.179487
4264.615385,4290.769231,4252.820513,4236.410256,4225.641026,4257.435897,4243.589744,4247.179487,4276.410256,4220.512821,4253.846154,4265.128205,4244.615385,4230.769231
4265.641026,4292.820513,4257.435897,4230.25641,4225.641026,4249.230769,4241.538462,4249.230769,4280,4217.435897,4258.974359,4272.307692,4247.179487,4232.820513
4267.179487,4291.794872,4261.538462,4228.205128,4224.102564,4249.74359,4243.076923,4243.589744,4273.333333,4217.948718,4261.025641,4275.897436,4248.205128,4234.871795
4260.512821,4289.230769,4254.871795,4233.333333,4224.102564,4250.769231,4243.589744,4238.974359,4267.179487,4227.692308,4255.897436,4269.230769,4242.564103,4230.769231
4249.230769,4279.487179,4245.641026,4229.74359,4223.589744,4246.666667,4238.974359,4241.538462,4271.282051,4226.153846,4255.897436,4262.051282,4243.589744,4232.307692
4252.820513,4272.307692,4245.641026,4220,4225.641026,4246.666667,4235.384615,4242.564103,4271.794872,4222.564103,4257.948718,4259.487179,4246.666667,4235.897436
4262.564103,4282.051282,4247.179487,4218.974359,4224.102564,4249.74359,4238.461538,4238.974359,4265.128205,4227.179487,4252.820513,4258.461538,4243.589744,4232.820513
4265.128205,4286.666667,4249.74359,4226.666667,4224.615385,4244.615385,4241.025641,4236.923077,4258.974359,4224.102564,4244.615385,4260,4236.410256,4234.358974
4255.384615,4272.307692,4246.153846,4228.205128,4224.615385,4232.820513,4236.410256,4231.794872,4251.794872,4215.384615,4240,4253.846154,4227.179487,4232.820513
4245.641026,4261.025641,4241.538462,4223.589744,4222.051282,4231.794872,4231.282051,4227.179487,4245.641026,4216.410256,4240,4251.794872,4223.589744,4232.820513
4251.794872,4257.435897,4243.589744,4218.974359,4225.128205,4232.820513,4227.692308,4223.076923,4241.025641,4225.641026,4231.282051,4255.897436,4221.025641,4236.923077
4256.923077,4255.384615,4244.102564,4217.435897,4222.564103,4225.128205,4222.564103,4220,4236.410256,4229.230769,4225.641026,4252.307692,4218.974359,4234.358974
4254.358974,4260,4247.179487,4227.692308,4221.025641,4223.589744,4222.564103,4223.589744,4236.410256,4224.102564,4237.435897,4255.897436,4226.153846,4237.948718
4243.589744,4251.282051,4239.487179,4227.179487,4225.641026,4224.615385,4217.948718,4222.051282,4233.846154,4215.384615,4237.948718,4256.923077,4225.128205,4240.512821
4229.74359,4225.641026,4222.051282,4211.282051,4223.589744,4215.897436,4202.051282,4211.282051,4220,4216.923077,4216.410256,4242.051282,4205.641026,4231.794872
4231.794872,4222.051282,4224.102564,4211.282051,4224.102564,4205.641026,4196.923077,4208.717949,4215.897436,4221.538462,4205.641026,4240.512821,4194.871795,4227.692308
4236.410256,4239.487179,4234.871795,4217.948718,4225.128205,4207.692308,4206.666667,4213.846154,4223.589744,4215.384615,4210.769231,4246.666667,4200,4233.333333
4230.25641,4240,4230.25641,4216.923077,4223.076923,4212.307692,4208.717949,4210.769231,4215.897436,4217.948718,4204.615385,4236.410256,4196.410256,4242.564103
4230.25641,4229.230769,4222.564103,4214.358974,4224.102564,4210.25641,4206.153846,4208.717949,4208.205128,4231.282051,4197.435897,4227.692308,4192.820513,4244.102564
4235.897436,4228.717949,4223.076923,4209.230769,4223.076923,4210.769231,4210.25641,4207.692308,4215.897436,4225.128205,4198.974359,4234.871795,4199.487179,4236.923077
4237.435897,4228.205128,4226.666667,4210.769231,4222.051282,4213.846154,4210.25641,4198.974359,4213.333333,4213.333333,4202.564103,4246.666667,4203.076923,4237.948718
4235.384615,4228.205128,4229.230769,4216.410256,4222.051282,4209.74359,4204.615385,4198.974359,4206.666667,4225.641026,4206.666667,4247.179487,4204.102564,4242.564103
4233.846154,4224.102564,4225.641026,4212.307692,4223.076923,4200,4195.384615,4200,4205.128205,4233.846154,4201.025641,4241.538462,4198.461538,4245.641026
4233.846154,4215.897436,4221.025641,4205.128205,4224.615385,4198.974359,4186.666667,4196.410256,4202.051282,4220.512821,4195.384615,4241.025641,4191.794872,4249.230769
4234.871795,4221.025641,4224.615385,4206.666667,4222.051282,4208.717949,4196.410256,4203.076923,4211.282051,4213.333333,4207.179487,4243.076923,4204.102564,4256.410256
4238.974359,4229.230769,4234.871795,4212.307692,4222.051282,4217.948718,4209.74359,4211.794872,4224.102564,4221.538462,4215.384615,4247.179487,4214.358974,4267.692308
4235.897436,4223.589744,4232.307692,4206.666667,4222.051282,4215.897436,4203.076923,4208.717949,4218.461538,4227.692308,4204.615385,4244.102564,4206.666667,4268.205128
4225.641026,4210.769231,4221.538462,4198.974359,4222.564103,4203.589744,4189.230769,4198.461538,4202.564103,4225.641026,4193.333333,4234.871795,4194.358974,4263.076923
4221.538462,4205.128205,4213.846154,4200.512821,4226.153846,4198.461538,4183.589744,4191.794872,4194.871795,4226.153846,4189.74359,4230.769231,4191.794872,4262.051282
4216.923077,4209.230769,4207.179487,4200.512821,4224.102564,4202.051282,4181.025641,4189.74359,4194.358974,4224.615385,4186.666667,4230.769231,4193.333333,4264.102564
4218.461538,4212.820513,4212.307692,4206.153846,4224.615385,4197.435897,4176.410256,4185.641026,4187.179487,4220,4186.153846,4232.307692,4192.820513,4266.153846
4227.179487,4220,4222.564103,4212.307692,4226.153846,4196.923077,4178.461538,4185.128205,4185.641026,4224.102564,4197.435897,4234.358974,4200.512821,4260.512821
4230.769231,4232.307692,4230.25641,4212.820513,4223.589744,4207.692308,4190.25641,4195.384615,4202.564103,4227.179487,4203.589744,4238.974359,4205.641026,4261.538462
4232.820513,4236.410256,4236.923077,4216.410256,4225.128205,4214.871795,4204.102564,4204.615385,4216.923077,4221.025641,4195.897436,4240.512821,4202.564103,4273.333333
4233.333333,4225.641026,4231.282051,4211.282051,4225.128205,4217.948718,4204.102564,4205.128205,4215.384615,4217.435897,4197.948718,4234.358974,4211.282051,4274.871795
4233.333333,4212.307692,4219.487179,4202.564103,4223.589744,4211.794872,4195.897436,4202.051282,4208.717949,4224.102564,4206.666667,4231.794872,4225.641026,4271.282051
4236.410256,4210.25641,4218.461538,4206.666667,4223.589744,4202.051282,4199.487179,4206.666667,4213.846154,4228.205128,4214.871795,4234.871795,4233.333333,4272.820513
4239.487179,4214.871795,4228.205128,4211.282051,4222.564103,4207.692308,4202.564103,4216.923077,4230.769231,4223.589744,4229.74359,4241.025641,4251.794872,4284.615385
4235.897436,4214.871795,4231.282051,4206.153846,4226.153846,4218.974359,4197.948718,4217.435897,4235.897436,4221.025641,4237.435897,4247.692308,4266.666667,4292.307692
4221.538462,4203.589744,4223.589744,4197.948718,4225.641026,4216.410256,4197.948718,4207.692308,4222.564103,4222.564103,4225.128205,4243.076923,4258.974359,4282.564103
4217.948718,4189.230769,4224.615385,4202.051282,4222.564103,4211.282051,4204.615385,4207.179487,4216.923077,4223.589744,4220,4240,4256.923077,4280
4225.128205,4186.153846,4227.692308,4205.128205,4221.538462,4214.358974,4207.179487,4218.461538,4228.205128,4216.923077,4235.897436,4246.666667,4272.307692,4286.153846
4225.128205,4188.717949,4223.589744,4197.435897,4219.487179,4213.333333,4198.461538,4216.923077,4228.205128,4216.923077,4236.410256,4246.666667,4273.333333,4287.692308
4228.205128,4188.717949,4226.666667,4197.948718,4222.051282,4208.205128,4197.435897,4206.666667,4220,4222.564103,4225.641026,4245.128205,4268.205128,4292.820513
4233.846154,4192.307692,4234.871795,4204.615385,4224.615385,4214.358974,4209.230769,4211.282051,4226.153846,4217.435897,4236.923077,4249.74359,4283.076923,4297.948718
4235.384615,4197.435897,4234.871795,4204.102564,4223.076923,4224.102564,4217.948718,4217.435897,4234.871795,4216.410256,4247.179487,4251.282051,4290.25641,4298.974359
4230.769231,4196.410256,4226.666667,4202.051282,4224.102564,4221.025641,4215.897436,4214.358974,4230.769231,4228.205128,4237.435897,4246.153846,4275.384615,4296.410256
4227.692308,4198.974359,4223.076923,4208.205128,4224.615385,4214.358974,4216.410256,4218.974359,4231.282051,4230.769231,4238.974359,4246.153846,4273.333333,4301.025641
4239.487179,4202.564103,4230.25641,4209.230769,4227.692308,4218.461538,4225.641026,4229.230769,4238.974359,4225.128205,4251.282051,4250.769231,4285.641026,4307.179487
4244.102564,4198.461538,4231.282051,4200.512821,4224.102564,4222.051282,4224.102564,4226.666667,4243.076923,4224.615385,4250.25641,4248.717949,4288.205128,4297.948718
4239.487179,4195.384615,4230.25641,4201.025641,4221.025641,4215.384615,4212.820513,4218.974359,4239.487179,4225.641026,4244.615385,4249.230769,4282.051282,4291.794872
4238.974359,4195.897436,4235.384615,4204.615385,4223.589744,4210.25641,4212.820513,4217.948718,4231.794872,4225.641026,4241.538462,4248.717949,4276.410256,4296.410256
4238.461538,4195.897436,4234.871795,4200.512821,4223.076923,4213.333333,4219.487179,4219.487179,4227.179487,4226.666667,4236.410256,4245.128205,4269.74359,4293.846154
4236.410256,4190.769231,4230.25641,4203.076923,4223.589744,4209.74359,4215.384615,4217.435897,4225.128205,4223.076923,4233.333333,4247.179487,4260.512821,4289.74359
4236.410256,4189.74359,4227.692308,4202.051282,4224.102564,4206.666667,4217.435897,4221.025641,4230.25641,4215.897436,4233.846154,4243.589744,4261.538462,4286.666667
4241.025641,4194.871795,4228.205128,4198.461538,4225.641026,4213.846154,4227.179487,4229.74359,4240.512821,4217.948718,4235.384615,4239.487179,4270.769231,4284.615385
4244.102564,4193.333333,4229.230769,4203.589744,4227.692308,4213.846154,4217.948718,4228.205128,4240,4221.025641,4229.74359,4242.564103,4267.179487,4285.641026
4240.512821,4187.692308,4225.641026,4201.538462,4221.025641,4207.179487,4207.179487,4216.923077,4227.179487,4216.923077,4225.128205,4239.487179,4256.923077,4290.769231
4240.512821,4185.641026,4227.179487,4197.435897,4221.538462,4211.282051,4208.205128,4212.307692,4219.487179,4218.974359,4226.153846,4234.871795,4255.897436,4297.948718
4241.538462,4182.051282,4231.282051,4198.974359,4227.179487,4218.974359,4207.179487,4219.487179,4225.128205,4225.128205,4224.102564,4234.871795,4256.923077,4296.410256
4242.051282,4180.512821,4229.230769,4196.410256,4225.641026,4211.794872,4202.564103,4219.487179,4227.179487,4225.128205,4221.538462,4237.948718,4253.333333,4294.358974
4248.717949,4188.205128,4229.74359,4196.923077,4224.102564,4200.512821,4195.897436,4213.333333,4222.564103,4217.948718,4224.102564,4242.051282,4252.820513,4294.871795
4248.717949,4198.461538,4233.333333,4198.974359,4223.589744,4202.564103,4193.333333,4218.461538,4226.666667,4216.410256,4225.641026,4240,4253.846154,4295.384615
4238.461538,4190.25641,4233.333333,4198.461538,4223.589744,4204.615385,4198.461538,4223.589744,4228.717949,4221.538462,4220,4236.410256,4247.692308,4298.974359
4231.794872,4173.333333,4226.153846,4193.846154,4223.589744,4202.051282,4198.461538,4218.461538,4221.025641,4220,4219.487179,4234.871795,4243.589744,4300
4235.384615,4181.025641,4223.589744,4194.871795,4222.051282,4207.179487,4191.282051,4216.923077,4218.974359,4218.974359,4221.538462,4231.282051,4244.615385,4302.564103
4236.410256,4190.769231,4225.641026,4201.538462,4224.102564,4212.820513,4193.846154,4215.384615,4221.538462,4221.025641,4215.384615,4227.692308,4240.512821,4304.615385
4225.641026,4183.589744,4223.076923,4196.923077,4221.538462,4210.25641,4202.564103,4212.307692,4221.538462,4217.948718,4215.384615,4226.666667,4238.974359,4301.538462
4224.615385,4179.487179,4224.615385,4189.230769,4221.538462,4205.128205,4203.589744,4215.897436,4221.538462,4220.512821,4223.589744,4229.74359,4242.564103,4304.615385
4233.846154,4189.74359,4225.641026,4191.282051,4225.128205,4207.179487,4202.564103,4221.538462,4227.179487,4230.25641,4226.153846,4232.307692,4247.179487,4300.512821
4236.923077,4196.923077,4225.128205,4195.897436,4222.564103,4213.846154,4212.307692,4227.692308,4234.871795,4225.641026,4230.25641,4233.333333,4255.897436,4289.230769
4238.461538,4194.358974,4229.230769,4194.358974,4222.564103,4218.974359,4224.102564,4232.820513,4239.487179,4218.461538,4234.871795,4235.897436,4258.461538,4290.25641
4235.384615,4189.74359,4228.717949,4191.282051,4222.564103,4220.512821,4226.666667,4231.282051,4238.461538,4222.051282,4228.717949,4236.923077,4248.717949,4291.794872
4232.307692,4184.615385,4226.153846,4197.435897,4222.564103,4215.897436,4218.461538,4227.692308,4233.846154,4224.615385,4222.051282,4237.948718,4245.128205,4289.230769
4236.923077,4192.820513,4234.358974,4201.025641,4224.102564,4216.923077,4216.923077,4231.794872,4237.948718,4226.666667,4233.846154,4237.948718,4260,4289.74359
4240.512821,4202.564103,4238.461538,4197.435897,4222.564103,4226.666667,4224.615385,4235.897436,4244.102564,4224.102564,4247.179487,4239.487179,4269.230769,4290.769231
4241.538462,4199.487179,4238.461538,4201.538462,4223.076923,4229.230769,4224.102564,4235.897436,4243.076923,4220.512821,4246.153846,4247.692308,4264.102564,4288.205128
4246.666667,4206.153846,4245.128205,4206.666667,4220.512821,4230.769231,4227.692308,4238.461538,4248.717949,4222.051282,4249.74359,4252.820513,4267.692308,4281.025641
4253.846154,4219.487179,4252.307692,4209.74359,4219.487179,4241.538462,4242.051282,4244.102564,4259.487179,4222.051282,4258.461538,4251.794872,4277.948718,4278.461538
4250.769231,4219.487179,4248.717949,4210.25641,4223.589744,4246.666667,4243.076923,4245.128205,4256.410256,4225.128205,4254.358974,4249.74359,4272.820513,4274.871795
4243.589744,4218.461538,4243.076923,4207.179487,4222.564103,4242.051282,4236.923077,4247.692308,4254.871795,4227.692308,4248.205128,4248.205128,4266.153846,4269.230769
4257.435897,4235.897436,4256.923077,4214.358974,4223.589744,4253.846154,4254.871795,4265.128205,4279.487179,4221.538462,4269.74359,4255.384615,4288.205128,4268.717949
4272.307692,4253.846154,4271.282051,4222.051282,4224.615385,4274.358974,4282.051282,4284.615385,4305.641026,4219.487179,4300.512821,4268.205128,4318.461538,4265.128205
4272.307692,4255.384615,4270.769231,4217.435897,4223.589744,4277.948718,4282.051282,4286.153846,4305.128205,4225.641026,4297.948718,4273.846154,4319.487179,4265.128205
4276.410256,4258.974359,4271.794872,4217.948718,4225.641026,4275.384615,4277.435897,4279.487179,4303.076923,4221.025641,4290.25641,4270.25641,4313.333333,4270.25641
4275.897436,4267.692308,4272.307692,4223.589744,4225.128205,4281.025641,4284.615385,4287.179487,4316.923077,4215.384615,4302.051282,4266.666667,4321.025641,4273.333333
4270.25641,4258.974359,4271.794872,4223.589744,4224.102564,4280.512821,4283.589744,4291.282051,4316.410256,4221.025641,4295.897436,4269.74359,4311.794872,4270.769231
4266.666667,4252.820513,4268.717949,4217.948718,4224.615385,4272.820513,4276.410256,4283.589744,4302.051282,4223.076923,4277.948718,4267.179487,4294.358974,4262.564103
4262.051282,4260,4266.666667,4216.923077,4222.564103,4274.358974,4283.589744,4283.076923,4300.512821,4221.025641,4283.589744,4261.538462,4299.487179,4262.564103
4255.384615,4253.846154,4266.153846,4217.948718,4222.564103,4280,4298.974359,4284.102564,4298.974359,4220,4290.769231,4261.025641,4303.589744,4266.153846
4249.230769,4243.076923,4260.512821,4213.333333,4220.512821,4272.820513,4287.692308,4277.948718,4290.769231,4216.410256,4280,4258.461538,4293.333333,4262.051282
4254.871795,4246.666667,4258.974359,4215.897436,4222.564103,4258.461538,4259.487179,4270.769231,4286.153846,4221.025641,4275.897436,4256.410256,4291.282051,4264.102564
4259.487179,4252.820513,4261.538462,4218.461538,4223.589744,4260.512821,4258.461538,4270.25641,4286.666667,4230.25641,4282.564103,4257.948718,4298.461538,4269.230769
4259.487179,4250.769231,4263.076923,4214.358974,4221.025641,4268.717949,4270.769231,4270.769231,4287.692308,4228.717949,4281.025641,4258.461538,4295.897436,4268.717949
4263.076923,4249.230769,4265.641026,4215.384615,4226.153846,4262.051282,4261.538462,4267.179487,4283.076923,4218.461538,4275.897436,4255.897436,4285.641026,4266.153846
4260.512821,4253.333333,4269.74359,4217.948718,4227.179487,4255.384615,4250.769231,4263.589744,4276.410256,4214.358974,4276.923077,4252.820513,4285.641026,4261.025641
4257.948718,4248.717949,4271.794872,4218.461538,4225.128205,4254.358974,4254.358974,4258.461538,4267.692308,4220.512821,4281.025641,4256.923077,4289.230769,4259.487179
4266.666667,4252.307692,4271.794872,4222.051282,4226.153846,4257.435897,4259.487179,4260,4268.205128,4227.692308,4290.25641,4266.666667,4294.871795,4261.025641
4280.512821,4277.435897,4285.128205,4228.717949,4223.076923,4270.25641,4267.692308,4271.282051,4286.153846,4227.179487,4305.128205,4276.923077,4307.692308,4261.538462
4285.128205,4283.589744,4294.871795,4231.794872,4222.564103,4276.923077,4270.769231,4277.435897,4296.923077,4228.717949,4305.641026,4278.461538,4308.717949,4257.435897
4277.435897,4267.692308,4284.102564,4224.102564,4223.076923,4276.923077,4264.615385,4276.923077,4293.846154,4229.74359,4297.948718,4270.769231,4301.538462,4248.205128
4280,4270.25641,4285.128205,4221.025641,4224.615385,4281.538462,4269.230769,4281.538462,4299.487179,4224.102564,4305.641026,4270.769231,4306.153846,4249.230769
4288.717949,4288.205128,4298.461538,4225.128205,4225.128205,4287.179487,4282.564103,4289.230769,4315.897436,4222.564103,4319.487179,4279.487179,4320.512821,4247.179487
4281.538462,4286.153846,4293.846154,4220,4223.076923,4282.051282,4280,4289.74359,4315.897436,4225.128205,4320.512821,4278.974359,4322.051282,4236.923077
4282.564103,4280.512821,4289.74359,4217.948718,4225.128205,4284.615385,4278.974359,4289.74359,4307.692308,4223.076923,4317.948718,4280.512821,4313.846154,4237.948718
4294.871795,4298.974359,4302.051282,4225.641026,4224.102564,4303.589744,4301.025641,4299.487179,4319.487179,4224.102564,4330.25641,4291.282051,4325.641026,4241.538462
4298.461538,4312.820513,4308.717949,4228.717949,4223.589744,4309.74359,4307.692308,4307.179487,4329.74359,4226.666667,4338.461538,4293.333333,4336.923077,4248.205128
4298.974359,4309.74359,4305.128205,4226.153846,4226.666667,4303.076923,4292.820513,4306.153846,4327.179487,4217.948718,4336.923077,4292.307692,4333.333333,4257.948718
4309.74359,4316.410256,4311.282051,4233.846154,4224.615385,4309.230769,4301.025641,4310.769231,4335.897436,4215.384615,4349.230769,4302.564103,4344.102564,4257.435897
4319.487179,4328.205128,4325.641026,4248.717949,4223.589744,4319.487179,4318.974359,4317.435897,4347.179487,4221.538462,4362.051282,4309.230769,4354.358974,4253.333333
4313.333333,4332.307692,4322.564103,4247.692308,4221.025641,4322.564103,4323.076923,4318.461538,4350.769231,4218.461538,4361.025641,4296.923077,4347.692308,4254.358974
4313.333333,4334.358974,4318.974359,4245.128205,4221.538462,4332.307692,4330.769231,4323.589744,4361.538462,4218.974359,4365.641026,4300,4357.435897,4265.641026
4318.974359,4330.25641,4326.153846,4249.74359,4226.153846,4341.025641,4337.435897,4329.74359,4367.179487,4220.512821,4382.051282,4316.923077,4376.923077,4271.794872
4312.307692,4318.461538,4325.641026,4246.153846,4223.589744,4334.358974,4335.897436,4327.692308,4356.923077,4218.461538,4387.179487,4312.820513,4375.384615,4270.25641
4311.794872,4313.333333,4325.128205,4246.666667,4225.128205,4328.205128,4335.384615,4325.641026,4353.333333,4220,4383.076923,4305.641026,4370.25641,4274.871795
4317.948718,4316.923077,4323.589744,4247.179487,4227.692308,4330.25641,4332.820513,4329.74359,4365.128205,4217.948718,4384.102564,4305.128205,4376.410256,4277.948718
4316.410256,4317.435897,4317.948718,4236.923077,4222.051282,4326.153846,4326.666667,4329.74359,4367.179487,4214.871795,4386.666667,4305.128205,4374.871795,4278.974359
4319.487179,4321.538462,4323.589744,4236.923077,4222.564103,4321.025641,4328.717949,4328.717949,4361.025641,4224.102564,4387.179487,4310.769231,4372.820513,4282.564103
4324.615385,4331.282051,4334.358974,4244.615385,4224.102564,4325.128205,4330.769231,4330.769231,4363.589744,4227.179487,4382.564103,4312.307692,4376.410256,4284.615385
4315.897436,4324.102564,4332.307692,4245.641026,4224.615385,4325.128205,4323.076923,4325.641026,4357.435897,4219.487179,4369.230769,4306.153846,4363.076923,4286.153846
4303.076923,4306.153846,4322.051282,4239.487179,4224.102564,4318.461538,4322.051282,4317.948718,4341.025641,4222.051282,4359.487179,4298.974359,4346.153846,4283.076923
4300,4301.025641,4317.948718,4235.897436,4222.051282,4315.897436,4326.666667,4314.871795,4333.846154,4223.076923,4355.384615,4295.897436,4343.589744,4283.076923
4301.025641,4296.410256,4313.846154,4236.923077,4224.615385,4309.230769,4320,4315.384615,4332.307692,4218.974359,4350.25641,4292.307692,4338.974359,4287.692308
4297.435897,4288.717949,4305.641026,4233.846154,4223.589744,4297.435897,4308.717949,4313.846154,4329.230769,4225.128205,4349.230769,4288.717949,4331.794872,4288.205128
4297.435897,4289.230769,4304.102564,4231.794872,4222.564103,4293.333333,4306.666667,4308.717949,4326.153846,4227.179487,4344.615385,4289.74359,4330.769231,4289.74359
4295.384615,4293.333333,4303.076923,4233.846154,4223.076923,4295.897436,4311.282051,4307.179487,4326.666667,4217.435897,4336.923077,4291.794872,4332.820513,4294.358974
4289.74359,4287.692308,4300.512821,4236.410256,4222.564103,4301.025641,4313.333333,4311.794872,4328.717949,4217.435897,4335.384615,4292.820513,4330.25641,4295.897436
4288.205128,4269.74359,4295.897436,4233.333333,4225.641026,4298.461538,4306.666667,4308.205128,4323.589744,4222.564103,4328.205128,4288.717949,4321.025641,4295.384615
4286.153846,4262.051282,4285.641026,4227.692308,4224.615385,4289.230769,4301.025641,4302.051282,4316.923077,4216.923077,4321.025641,4284.102564,4315.897436,4297.948718
4283.076923,4264.615385,4287.692308,4232.820513,4223.589744,4288.717949,4304.102564,4305.128205,4317.435897,4218.974359,4324.615385,4285.641026,4319.487179,4306.153846
4280,4260.512821,4294.871795,4239.487179,4225.641026,4293.846154,4300.512821,4305.128205,4314.871795,4229.74359,4323.076923,4286.153846,4315.897436,4306.666667
4277.435897,4256.923077,4294.358974,4236.923077,4224.102564,4292.307692,4295.897436,4298.461538,4309.230769,4228.205128,4315.384615,4283.076923,4303.589744,4302.564103
4277.948718,4266.666667,4292.820513,4241.025641,4224.615385,4285.128205,4295.897436,4295.897436,4304.615385,4218.461538,4311.282051,4280.512821,4296.923077,4306.666667
4277.435897,4273.846154,4291.794872,4245.128205,4225.641026,4286.666667,4293.333333,4298.974359,4307.179487,4217.435897,4315.384615,4280.512821,4305.128205,4311.282051
4279.487179,4261.538462,4288.717949,4237.435897,4224.615385,4290.25641,4286.153846,4294.871795,4307.692308,4222.564103,4316.410256,4281.025641,4308.717949,4317.435897
4280,4251.794872,4286.153846,4233.333333,4223.076923,4285.641026,4280,4283.589744,4296.410256,4220,4305.128205,4273.846154,4295.384615,4322.051282
4271.282051,4254.358974,4280,4246.153846,4222.051282,4275.384615,4276.410256,4282.564103,4289.230769,4218.461538,4296.410256,4267.692308,4285.641026,4321.538462
4269.74359,4250.25641,4275.384615,4260.512821,4224.615385,4272.820513,4280.512821,4288.717949,4295.384615,4220.512821,4301.538462,4276.923077,4287.692308,4325.641026
4272.820513,4247.692308,4275.384615,4257.435897,4224.615385,4281.538462,4288.717949,4290.769231,4294.871795,4218.974359,4302.564103,4278.461538,4288.717949,4336.923077
4277.435897,4261.025641,4282.564103,4258.461538,4222.051282,4283.589744,4287.692308,4288.717949,4288.717949,4220,4298.974359,4272.307692,4288.717949,4351.794872
4282.564103,4274.871795,4291.282051,4270.25641,4224.102564,4284.102564,4290.769231,4294.358974,4298.461538,4221.025641,4307.692308,4279.487179,4295.897436,4358.461538
4270.25641,4265.641026,4286.666667,4263.076923,4224.102564,4289.230769,4300,4299.487179,4304.615385,4220,4316.410256,4277.435897,4298.974359,4356.923077
4261.538462,4254.358974,4286.666667,4256.923077,4224.102564,4289.230769,4297.435897,4300,4301.025641,4219.487179,4315.897436,4273.846154,4296.410256,4361.538462
4272.307692,4265.641026,4295.384615,4270.769231,4221.538462,4292.307692,4301.538462,4308.717949,4316.923077,4218.974359,4320.512821,4286.153846,4307.692308,4365.641026
4280,4274.871795,4297.435897,4281.025641,4220.512821,4294.358974,4304.615385,4313.846154,4330.25641,4219.487179,4328.717949,4297.435897,4320,4373.846154
4278.461538,4271.794872,4295.897436,4277.948718,4226.666667,4290.769231,4296.923077,4304.102564,4321.025641,4220.512821,4331.282051,4296.410256,4317.948718,4382.564103
4280.512821,4280.512821,4300,4273.846154,4224.615385,4297.435897,4309.230769,4308.205128,4327.179487,4221.025641,4335.384615,4296.923077,4323.076923,4386.666667
4290.769231,4298.974359,4309.230769,4285.128205,4221.538462,4309.230769,4323.589744,4323.076923,4340,4219.487179,4346.153846,4304.102564,4334.871795,4401.538462
4296.410256,4308.205128,4314.871795,4287.692308,4223.589744,4309.74359,4312.820513,4320,4338.461538,4218.974359,4356.923077,4305.641026,4338.974359,4417.948718
4302.564103,4313.333333,4325.641026,4264.615385,4225.128205,4314.358974,4313.333333,4318.974359,4345.128205,4219.487179,4360,4307.692308,4341.538462,4424.102564
4315.897436,4330.25641,4338.461538,4243.076923,4226.153846,4332.820513,4342.564103,4337.948718,4365.128205,4218.974359,4363.589744,4320.512821,4352.307692,4425.641026
4318.461538,4345.641026,4332.307692,4240.512821,4222.051282,4345.128205,4354.871795,4349.230769,4370.769231,4218.461538,4372.820513,4324.615385,4356.923077,4421.025641
4311.794872,4337.948718,4321.538462,4245.641026,4222.051282,4337.948718,4337.435897,4341.538462,4357.948718,4220.512821,4367.692308,4317.435897,4343.076923,4416.923077
4312.307692,4334.871795,4322.051282,4245.641026,4226.666667,4332.307692,4330.769231,4341.538462,4356.923077,4219.487179,4358.974359,4313.333333,4336.923077,4413.333333
4317.435897,4356.923077,4329.74359,4247.692308,4226.153846,4339.487179,4338.461538,4352.307692,4369.230769,4220,4367.692308,4322.564103,4347.179487,4414.871795
4318.974359,4362.051282,4327.179487,4252.307692,4225.641026,4336.410256,4335.897436,4347.692308,4365.641026,4227.692308,4369.74359,4328.205128,4342.564103,4420.512821
4314.871795,4351.794872,4319.487179,4251.282051,4222.564103,4321.025641,4321.538462,4332.307692,4351.282051,4226.666667,4364.102564,4318.461538,4330.769231,4420
4313.333333,4354.358974,4323.076923,4252.820513,4222.564103,4314.871795,4314.358974,4323.076923,4345.641026,4217.435897,4367.692308,4314.358974,4330.769231,4421.025641
4306.666667,4349.74359,4321.025641,4250.25641,4224.615385,4315.897436,4314.358974,4317.948718,4343.076923,4216.923077,4361.538462,4314.358974,4321.025641,4422.051282
4295.897436,4334.358974,4309.230769,4243.589744,4221.538462,4315.384615,4316.923077,4318.461538,4334.358974,4221.025641,4348.717949,4309.230769,4303.076923,4420
4295.384615,4331.282051,4313.846154,4245.641026,4223.076923,4314.871795,4317.435897,4320.512821,4325.128205,4219.487179,4356.410256,4308.205128,4308.205128,4418.974359
4292.820513,4338.461538,4323.076923,4250.769231,4223.076923,4312.307692,4308.205128,4311.282051,4318.974359,4218.974359,4362.564103,4309.230769,4316.410256,4415.897436
4286.153846,4335.897436,4316.410256,4250.769231,4221.025641,4307.179487,4301.025641,4300.512821,4310.25641,4220,4345.641026,4307.692308,4296.923077,4413.846154
4285.128205,4323.076923,4309.230769,4246.666667,4225.641026,4311.282051,4310.769231,4307.692308,4307.692308,4219.487179,4336.923077,4306.666667,4279.487179,4413.846154
4285.641026,4316.410256,4312.307692,4243.589744,4227.179487,4315.897436,4321.538462,4317.435897,4316.923077,4218.461538,4345.641026,4307.179487,4285.128205,4410.769231
4291.282051,4316.923077,4314.871795,4247.692308,4225.641026,4306.153846,4315.897436,4310.25641,4321.025641,4221.025641,4347.179487,4307.692308,4286.153846,4408.717949
4292.820513,4324.615385,4314.871795,4251.794872,4224.102564,4301.025641,4314.358974,4311.794872,4324.102564,4227.692308,4347.692308,4307.692308,4283.076923,4407.179487
4285.128205,4322.051282,4315.384615,4249.74359,4225.641026,4307.692308,4325.128205,4323.076923,4326.666667,4225.128205,4351.794872,4311.282051,4283.589744,4402.564103
4271.282051,4303.076923,4308.717949,4245.641026,4225.128205,4308.205128,4324.615385,4315.897436,4314.358974,4216.410256,4340.512821,4302.564103,4277.435897,4387.179487
4254.871795,4290.25641,4294.358974,4241.025641,4221.538462,4296.923077,4302.564103,4296.410256,4294.871795,4217.948718,4321.025641,4287.179487,4265.641026,4367.179487
4253.333333,4286.666667,4291.282051,4243.076923,4226.666667,4287.692308,4285.128205,4288.717949,4286.153846,4221.025641,4316.923077,4289.230769,4260,4362.564103
4261.025641,4287.692308,4292.820513,4241.538462,4228.205128,4283.589744,4282.051282,4287.179487,4286.666667,4217.948718,4322.051282,4294.871795,4264.615385,4360
4263.589744,4287.692308,4291.794872,4230.769231,4224.102564,4276.410256,4275.384615,4278.974359,4281.025641,4217.948718,4317.435897,4289.74359,4265.641026,4351.794872
4265.128205,4287.179487,4294.358974,4220,4225.641026,4269.230769,4270.25641,4272.820513,4275.384615,4220,4314.358974,4288.205128,4265.641026,4338.974359
4266.666667,4288.717949,4294.871795,4213.846154,4222.564103,4265.641026,4268.205128,4271.794872,4275.897436,4217.435897,4317.435897,4289.74359,4270.25641,4321.025641
4267.692308,4285.641026,4291.282051,4220,4222.564103,4263.076923,4261.538462,4269.230769,4272.820513,4217.948718,4310.769231,4288.205128,4269.74359,4311.282051
4264.102564,4278.974359,4287.179487,4225.128205,4224.615385,4266.153846,4262.051282,4268.205128,4271.282051,4220,4308.717949,4286.153846,4266.153846,4302.564103
4264.615385,4273.846154,4289.230769,4226.666667,4222.051282,4271.282051,4269.230769,4272.307692,4278.974359,4220.512821,4314.358974,4287.179487,4269.230769,4293.846154
4265.641026,4271.282051,4291.282051,4228.717949,4225.641026,4271.794872,4269.230769,4275.897436,4284.102564,4218.974359,4311.282051,4286.153846,4271.282051,4284.615385
4256.410256,4269.74359,4280,4223.589744,4226.153846,4271.794872,4266.666667,4274.871795,4281.538462,4218.461538,4308.205128,4282.051282,4270.769231,4268.205128
4254.871795,4268.205128,4274.871795,4224.615385,4224.102564,4273.333333,4270.25641,4268.205128,4273.846154,4218.461538,4309.230769,4283.076923,4266.666667,4257.948718
4262.564103,4272.307692,4280.512821,4231.794872,4225.641026,4275.897436,4278.974359,4264.615385,4270.25641,4217.948718,4309.74359,4284.102564,4265.128205,4250.25641
4265.128205,4282.564103,4280,4235.384615,4225.128205,4277.948718,4284.615385,4273.333333,4276.410256,4218.974359,4314.871795,4286.153846,4277.948718,4238.974359
4266.153846,4285.641026,4281.538462,4239.487179,4225.128205,4275.384615,4280,4276.410256,4278.461538,4219.487179,4313.846154,4290.25641,4281.025641,4233.846154
4264.102564,4285.641026,4285.641026,4240.512821,4222.564103,4275.897436,4279.487179,4270.25641,4271.282051,4218.974359,4307.692308,4288.717949,4271.794872,4229.74359
4266.153846,4287.692308,4284.102564,4237.948718,4223.076923,4282.564103,4286.153846,4268.205128,4268.205128,4218.974359,4310.769231,4287.692308,4272.307692,4226.153846
4266.666667,4283.589744,4279.487179,4235.897436,4225.128205,4286.153846,4281.538462,4271.282051,4271.282051,4218.974359,4310.769231,4284.615385,4271.794872,4221.538462
4257.435897,4275.897436,4274.358974,4236.923077,4224.102564,4280.512821,4272.307692,4267.692308,4267.179487,4218.974359,4304.102564,4278.974359,4265.641026,4221.538462
4250.25641,4269.230769,4267.179487,4238.461538,4226.666667,4273.333333,4274.358974,4262.051282,4258.974359,4218.974359,4302.051282,4278.461538,4266.666667,4223.076923
4248.717949,4257.948718,4258.461538,4227.692308,4226.666667,4268.717949,4273.333333,4266.666667,4258.974359,4218.974359,4300,4276.923077,4265.128205,4216.410256
4250.769231,4246.666667,4258.461538,4221.538462,4224.102564,4262.051282,4264.615385,4264.102564,4258.461538,4218.974359,4289.74359,4273.846154,4251.794872,4218.461538
4244.615385,4246.153846,4257.435897,4229.230769,4223.589744,4253.333333,4260,4250.769231,4246.153846,4219.487179,4277.435897,4266.666667,4238.461538,4224.102564
4232.307692,4248.205128,4249.74359,4228.717949,4223.076923,4249.74359,4256.923077,4252.307692,4241.025641,4219.487179,4274.358974,4261.538462,4234.358974,4222.051282
4234.871795,4247.179487,4254.358974,4224.102564,4225.128205,4255.897436,4258.461538,4261.025641,4253.333333,4218.461538,4278.974359,4269.74359,4240,4220
4240,4252.820513,4262.564103,4227.179487,4224.102564,4267.179487,4266.666667,4260,4264.615385,4218.461538,4288.205128,4278.461538,4252.820513,4216.923077
4237.435897,4256.923077,4261.538462,4232.307692,4223.589744,4264.615385,4265.128205,4255.384615,4256.923077,4219.487179,4291.794872,4274.358974,4254.358974,4215.897436
4237.948718,4255.384615,4258.461538,4213.846154,4227.692308,4253.846154,4260.512821,4254.358974,4247.179487,4218.974359,4285.641026,4272.307692,4247.179487,4219.487179
4239.487179,4252.820513,4261.025641,4206.666667,4225.641026,4255.384615,4266.153846,4255.897436,4252.307692,4216.410256,4280.512821,4275.897436,4248.717949,4228.205128
4241.538462,4253.333333,4268.205128,4274.358974,4225.128205,4262.564103,4269.230769,4258.974359,4256.923077,4218.974359,4279.487179,4275.897436,4248.717949,4232.820513
4245.128205,4263.589744,4270.25641,4217.435897,4225.641026,4265.641026,4267.692308,4262.564103,4254.871795,4219.487179,4286.666667,4278.461538,4252.307692,4228.717949
4250.769231,4266.153846,4271.282051,4205.128205,4222.564103,4269.230769,4266.153846,4262.051282,4252.820513,4216.410256,4294.871795,4285.128205,4262.051282,4237.948718
4252.820513,4262.051282,4274.358974,4604.102564,4222.051282,4271.282051,4266.666667,4258.461538,4254.358974,4225.128205,4296.410256,4286.666667,4260.512821,4251.282051
4246.153846,4265.641026,4269.74359,4851.794872,4222.051282,4267.692308,4267.179487,4258.974359,4257.948718,4232.820513,4296.923077,4277.948718,4254.358974,4247.692308
4243.076923,4261.025641,4263.076923,4530.769231,4224.615385,4265.128205,4264.615385,4258.974359,4256.410256,4223.076923,4291.282051,4275.384615,4251.282051,4243.076923
4244.615385,4250.25641,4258.974359,4284.102564,4225.641026,4265.128205,4262.051282,4255.897436,4252.307692,4215.897436,4287.179487,4276.410256,4244.102564,4240
4246.666667,4253.333333,4263.076923,4388.205128,4224.615385,4265.128205,4268.717949,4254.871795,4251.282051,4218.461538,4293.333333,4274.358974,4241.025641,4238.461538
4254.358974,4264.102564,4267.692308,4391.794872,4227.179487,4268.205128,4277.435897,4260,4257.435897,4220.512821,4301.538462,4275.384615,4252.820513,4243.076923
4254.358974,4260.512821,4262.564103,4305.128205,4226.666667,4267.692308,4272.820513,4256.923077,4258.974359,4222.564103,4300,4275.384615,4260,4242.564103
4242.051282,4246.153846,4257.435897,4328.205128,4227.692308,4259.487179,4257.948718,4246.666667,4245.128205,4223.076923,4287.179487,4270.25641,4243.589744,4237.948718
4228.205128,4235.897436,4250.25641,4328.205128,4224.615385,4253.333333,4248.717949,4245.128205,4236.923077,4218.974359,4274.871795,4256.410256,4228.205128,4236.923077
4223.589744,4237.435897,4242.051282,4320,4220.512821,4251.282051,4247.692308,4248.717949,4245.641026,4218.974359,4275.384615,4252.307692,4230.769231,4245.128205
4238.461538,4251.794872,4249.74359,4325.641026,4226.666667,4255.897436,4256.923077,4254.871795,4256.410256,4220.512821,4289.230769,4266.666667,4241.538462,4252.820513
4254.871795,4269.74359,4267.179487,4321.025641,4226.153846,4272.307692,4275.384615,4272.307692,4272.307692,4217.435897,4308.205128,4278.461538,4262.564103,4255.384615
4254.871795,4270.769231,4272.820513,4321.025641,4224.615385,4278.974359,4280.512821,4278.974359,4281.538462,4218.461538,4312.307692,4277.435897,4269.230769,4263.076923
4246.153846,4261.538462,4265.128205,4308.717949,4226.153846,4268.717949,4275.384615,4268.717949,4273.846154,4220,4300.512821,4272.307692,4254.358974,4267.179487
4250.25641,4269.230769,4268.717949,4291.794872,4223.589744,4273.846154,4282.564103,4269.230769,4275.897436,4220,4299.487179,4274.358974,4259.487179,4270.769231
4261.538462,4277.435897,4280.512821,4285.128205,4225.641026,4287.179487,4289.74359,4277.948718,4285.641026,4220,4309.74359,4280.512821,4274.358974,4280
4259.487179,4276.410256,4276.410256,4280,4225.641026,4279.487179,4283.589744,4272.307692,4278.461538,4218.974359,4307.692308,4280,4271.282051,4280
4256.410256,4269.230769,4270.25641,4272.820513,4223.589744,4262.051282,4273.333333,4262.564103,4261.538462,4218.974359,4292.820513,4278.461538,4256.410256,4274.358974
4253.846154,4251.794872,4266.666667,4264.102564,4225.128205,4261.025641,4264.102564,4259.487179,4254.358974,4221.025641,4282.564103,4273.333333,4244.102564,4271.794872
4244.615385,4237.435897,4255.384615,4251.794872,4223.076923,4260.512821,4251.282051,4253.846154,4252.307692,4217.948718,4277.435897,4265.128205,4237.948718,4270.769231
4244.102564,4234.358974,4247.692308,4243.076923,4224.615385,4251.282051,4241.538462,4246.153846,4239.487179,4220,4270.25641,4264.615385,4235.384615,4273.846154
4238.461538,4232.820513,4246.666667,4237.435897,4226.666667,4246.153846,4238.974359,4242.051282,4229.74359,4225.128205,4263.076923,4265.128205,4231.282051,4273.846154
4228.717949,4219.487179,4243.589744,4234.358974,4225.641026,4236.410256,4233.333333,4233.333333,4220.512821,4223.589744,4252.307692,4254.871795,4218.461538,4273.333333
4233.846154,4207.692308,4239.487179,4227.692308,4226.666667,4221.538462,4222.051282,4223.589744,4207.179487,4226.153846,4244.102564,4246.153846,4210.25641,4271.282051
4235.897436,4207.692308,4240,4216.923077,4228.205128,4222.051282,4217.948718,4223.076923,4207.179487,4229.230769,4237.948718,4250.25641,4210.769231,4271.282051
4226.153846,4204.102564,4238.974359,4211.794872,4227.692308,4226.153846,4212.307692,4215.384615,4206.666667,4220.512821,4227.179487,4251.282051,4205.641026,4277.435897
4215.897436,4193.846154,4228.205128,4203.589744,4224.615385,4218.461538,4204.615385,4205.128205,4193.333333,4213.333333,4218.461538,4238.974359,4195.897436,4272.307692
4217.948718,4185.128205,4226.153846,4198.974359,4225.128205,4214.871795,4208.717949,4211.282051,4190.769231,4217.948718,4215.384615,4238.974359,4191.282051,4270.769231
4224.102564,4177.948718,4229.74359,4195.384615,4227.692308,4215.897436,4206.666667,4213.846154,4193.846154,4219.487179,4213.846154,4244.102564,4191.282051,4275.897436
4217.435897,4167.179487,4218.974359,4179.487179,4224.102564,4206.153846,4191.794872,4198.974359,4180,4213.333333,4208.205128,4233.333333,4186.153846,4273.846154
4212.820513,4162.051282,4213.333333,4172.307692,4226.153846,4200,4191.282051,4192.307692,4171.794872,4220,4197.435897,4225.128205,4182.564103,4271.282051
4210.769231,4165.128205,4216.923077,4179.487179,4227.179487,4206.666667,4204.102564,4202.564103,4184.615385,4230.25641,4190.25641,4226.666667,4183.076923,4272.820513
4204.102564,4163.589744,4214.871795,4177.948718,4221.538462,4203.589744,4200.512821,4202.564103,4183.076923,4225.641026,4190.769231,4225.641026,4177.948718,4275.897436
4196.923077,4160,4210.25641,4171.282051,4221.538462,4197.948718,4194.358974,4191.794872,4170.769231,4216.923077,4193.333333,4225.128205,4174.358974,4273.333333
4193.846154,4160.512821,4207.692308,4169.230769,4222.564103,4204.102564,4202.564103,4196.410256,4178.974359,4216.923077,4190.769231,4226.153846,4182.564103,4264.102564
4201.025641,4160.512821,4211.282051,4174.871795,4224.615385,4207.692308,4207.692308,4207.179487,4187.692308,4220.512821,4192.820513,4228.717949,4189.230769,4261.538462
4205.641026,4168.205128,4214.871795,4178.461538,4226.153846,4203.076923,4208.717949,4205.128205,4183.589744,4225.641026,4198.974359,4230.769231,4192.820513,4261.025641
4205.641026,4179.487179,4217.435897,4181.025641,4224.102564,4207.179487,4212.820513,4204.102564,4187.179487,4224.615385,4205.641026,4233.333333,4201.025641,4266.153846
4210.769231,4176.923077,4223.076923,4183.076923,4225.128205,4215.897436,4222.564103,4213.333333,4196.923077,4225.128205,4208.717949,4238.974359,4211.282051,4272.820513
4207.692308,4172.820513,4223.076923,4180,4223.076923,4211.282051,4221.538462,4214.358974,4196.923077,4226.153846,4205.128205,4236.923077,4211.282051,4271.282051
4196.923077,4175.897436,4218.974359,4184.615385,4224.102564,4197.948718,4205.128205,4200.512821,4178.974359,4223.076923,4193.333333,4232.307692,4197.948718,4275.384615
4187.692308,4169.74359,4213.846154,4185.128205,4225.128205,4196.410256,4196.410256,4194.871795,4165.128205,4223.076923,4185.128205,4231.794872,4188.717949,4280.512821
4189.74359,4166.666667,4211.794872,4176.923077,4221.025641,4207.179487,4207.692308,4204.615385,4174.358974,4224.102564,4189.230769,4233.333333,4194.871795,4281.538462
4201.025641,4178.461538,4217.948718,4179.487179,4223.076923,4218.974359,4223.076923,4212.307692,4195.384615,4221.025641,4199.487179,4238.461538,4204.615385,4290.769231
4203.589744,4185.128205,4221.025641,4184.615385,4223.589744,4220,4227.179487,4214.358974,4203.076923,4222.051282,4204.615385,4234.871795,4209.74359,4296.923077
4202.051282,4178.974359,4217.948718,4186.153846,4223.589744,4213.333333,4222.051282,4213.846154,4196.410256,4224.615385,4199.487179,4229.74359,4210.25641,4290.25641
4203.076923,4174.871795,4212.820513,4184.102564,4226.153846,4212.820513,4218.974359,4210.769231,4196.410256,4217.948718,4196.923077,4232.820513,4210.25641,4284.615385
4200,4168.717949,4208.717949,4177.435897,4224.102564,4209.74359,4216.923077,4206.153846,4202.051282,4214.358974,4196.923077,4233.333333,4208.205128,4294.358974
4198.974359,4161.025641,4207.179487,4176.923077,4222.051282,4200,4210.769231,4201.538462,4196.410256,4224.102564,4188.717949,4226.666667,4204.615385,4305.641026
4195.897436,4166.666667,4203.076923,4182.051282,4222.051282,4200.512821,4202.564103,4194.358974,4182.564103,4227.692308,4185.641026,4220.512821,4203.589744,4301.025641
4188.717949,4169.74359,4201.538462,4181.538462,4224.615385,4199.487179,4194.358974,4187.179487,4173.333333,4224.102564,4181.025641,4224.102564,4195.897436,4297.948718
4187.179487,4165.641026,4202.564103,4177.948718,4225.641026,4189.230769,4190.25641,4187.179487,4169.74359,4224.102564,4171.282051,4223.076923,4188.205128,4297.948718
4185.128205,4167.179487,4201.538462,4177.948718,4221.025641,4189.230769,4190.25641,4187.692308,4170.25641,4223.589744,4174.358974,4216.410256,4194.871795,4300
4180,4161.025641,4200.512821,4175.897436,4223.076923,4189.74359,4183.589744,4181.025641,4168.205128,4223.076923,4179.487179,4215.897436,4195.384615,4301.025641
4180.512821,4160.512821,4197.435897,4176.410256,4225.641026,4187.692308,4184.102564,4182.564103,4170.769231,4222.564103,4175.897436,4218.461538,4194.358974,4298.461538
4192.820513,4175.897436,4200,4182.564103,4223.076923,4195.897436,4195.384615,4191.794872,4179.487179,4221.538462,4182.051282,4223.589744,4205.128205,4309.74359
4197.435897,4178.461538,4203.076923,4176.410256,4221.538462,4197.435897,4194.358974,4188.205128,4175.897436,4222.564103,4185.641026,4222.051282,4205.128205,4318.461538
4186.153846,4161.538462,4195.897436,4160.512821,4220,4185.641026,4186.666667,4181.025641,4166.666667,4228.205128,4173.846154,4210.25641,4192.820513,4310.25641
4178.974359,4148.717949,4188.717949,4157.948718,4224.102564,4182.564103,4184.102564,4183.589744,4161.025641,4225.641026,4162.051282,4204.102564,4187.692308,4309.230769
4166.666667,4140.512821,4180.512821,4156.923077,4224.102564,4183.589744,4177.948718,4180,4149.230769,4215.384615,4149.230769,4198.974359,4176.410256,4311.282051
4155.897436,4129.230769,4175.384615,4150.769231,4220.512821,4180.512821,4172.820513,4167.692308,4137.948718,4218.461538,4135.384615,4192.307692,4155.897436,4314.871795
4162.564103,4131.282051,4178.974359,4152.820513,4225.641026,4178.461538,4177.948718,4167.692308,4141.025641,4222.051282,4142.051282,4197.435897,4159.487179,4325.128205
4165.128205,4136.923077,4180.512821,4153.846154,4226.153846,4174.358974,4174.871795,4173.333333,4147.179487,4216.923077,4157.435897,4202.051282,4177.948718,4326.666667
4167.692308,4142.564103,4187.692308,4159.487179,4222.564103,4168.205128,4166.153846,4167.179487,4143.589744,4216.923077,4158.974359,4201.538462,4180.512821,4324.102564
4180,4158.461538,4197.948718,4166.666667,4222.051282,4165.128205,4168.205128,4162.051282,4142.564103,4224.102564,4158.974359,4204.102564,4180,4326.666667
4185.641026,4160,4199.487179,4162.564103,4221.025641,4160.512821,4170.25641,4164.102564,4139.487179,4225.641026,4156.923077,4205.641026,4183.076923,4328.205128
4181.538462,4149.230769,4191.794872,4160.512821,4223.076923,4160.512821,4167.692308,4165.641026,4134.358974,4220,4151.794872,4205.128205,4177.948718,4329.230769
4183.589744,4156.923077,4189.230769,4164.102564,4225.128205,4171.282051,4171.794872,4171.794872,4140.512821,4215.897436,4157.435897,4208.717949,4178.461538,4329.74359
4187.692308,4158.461538,4192.307692,4164.615385,4226.153846,4169.74359,4169.230769,4170.769231,4140,4221.025641,4155.384615,4209.230769,4177.948718,4331.282051
4175.897436,4145.641026,4183.076923,4160,4224.102564,4154.358974,4156.410256,4155.384615,4128.717949,4228.717949,4142.051282,4198.461538,4165.128205,4327.692308
4166.153846,4143.589744,4173.333333,4159.487179,4223.076923,4153.846154,4154.358974,4153.846154,4130.25641,4223.589744,4141.025641,4194.871795,4162.051282,4330.25641
4173.846154,4141.538462,4180.512821,4163.076923,4227.692308,4163.589744,4166.666667,4165.128205,4141.025641,4218.974359,4151.794872,4205.128205,4173.333333,4338.461538
4175.897436,4141.025641,4185.641026,4161.025641,4224.615385,4166.153846,4172.307692,4167.179487,4145.641026,4223.076923,4158.461538,4207.179487,4176.410256,4335.897436
4172.307692,4153.846154,4181.025641,4161.538462,4221.025641,4163.589744,4164.615385,4160,4139.487179,4223.589744,4152.307692,4202.564103,4162.564103,4336.923077
4178.461538,4167.692308,4180.512821,4167.692308,4222.051282,4170.769231,4166.153846,4162.564103,4142.051282,4218.974359,4150.769231,4202.051282,4162.564103,4346.153846
4185.641026,4183.076923,4191.282051,4173.846154,4222.051282,4180.512821,4184.102564,4175.897436,4157.435897,4218.974359,4163.589744,4208.205128,4181.025641,4349.230769
4188.205128,4196.410256,4201.025641,4177.948718,4224.615385,4184.102564,4195.897436,4185.641026,4167.692308,4221.538462,4171.794872,4212.820513,4186.153846,4348.717949
4185.641026,4194.358974,4197.435897,4174.871795,4223.589744,4193.846154,4196.923077,4187.179487,4172.820513,4225.128205,4169.74359,4210.769231,4183.076923,4349.230769
4186.666667,4193.333333,4194.358974,4177.435897,4222.051282,4204.615385,4196.923077,4185.128205,4177.435897,4226.666667,4172.820513,4211.794872,4186.153846,4349.74359
4192.820513,4206.153846,4200.512821,4186.153846,4224.102564,4197.948718,4203.076923,4188.205128,4179.487179,4217.948718,4175.897436,4214.871795,4190.25641,4344.615385
4195.384615,4209.230769,4202.051282,4185.641026,4223.076923,4190.769231,4203.589744,4190.25641,4176.923077,4216.923077,4175.384615,4210.25641,4193.333333,4348.205128
4195.384615,4197.948718,4200,4182.051282,4222.564103,4194.358974,4192.820513,4181.025641,4172.307692,4224.615385,4179.487179,4210.25641,4196.410256,4356.410256
4188.717949,4193.333333,4201.025641,4179.487179,4221.025641,4195.384615,4191.794872,4177.948718,4173.333333,4220.512821,4181.025641,4214.358974,4194.358974,4350.25641
4186.153846,4200.512821,4201.025641,4181.025641,4220.512821,4190.25641,4198.974359,4184.615385,4176.410256,4214.871795,4174.358974,4214.871795,4185.641026,4347.692308
4185.641026,4200,4193.846154,4181.025641,4224.102564,4188.205128,4193.333333,4185.641026,4172.307692,4227.179487,4166.153846,4208.717949,4179.487179,4349.230769
4178.461538,4196.410256,4190.25641,4177.435897,4224.615385,4192.307692,4188.717949,4185.128205,4169.74359,4231.282051,4167.692308,4202.564103,4178.974359,4343.076923
4183.076923,4205.128205,4201.538462,4186.153846,4226.666667,4195.897436,4199.487179,4190.25641,4177.435897,4220.512821,4171.794872,4207.179487,4176.410256,4348.717949
4187.179487,4210.25641,4200,4192.820513,4224.615385,4195.897436,4203.589744,4193.846154,4185.128205,4221.538462,4171.794872,4206.153846,4168.717949,4357.948718
4176.410256,4197.948718,4185.128205,4187.692308,4222.564103,4194.358974,4196.923077,4195.897436,4182.564103,4228.717949,4165.641026,4193.846154,4162.564103,4362.051282
4171.282051,4188.717949,4182.051282,4186.666667,4225.128205,4196.923077,4192.820513,4194.871795,4175.897436,4220.512821,4153.846154,4188.205128,4152.820513,4360.512821
4168.717949,4188.205128,4179.487179,4187.692308,4221.538462,4202.564103,4195.897436,4187.692308,4173.846154,4215.384615,4143.076923,4185.128205,4136.923077,4351.282051
4159.487179,4178.461538,4169.74359,4190.25641,4221.025641,4198.974359,4195.384615,4183.076923,4164.102564,4220.512821,4134.358974,4181.025641,4121.025641,4353.333333
4155.897436,4174.871795,4168.205128,4189.74359,4224.615385,4191.282051,4186.153846,4185.641026,4156.923077,4217.948718,4132.307692,4178.974359,4116.923077,4358.974359
4162.051282,4179.487179,4176.410256,4187.179487,4222.564103,4193.846154,4183.076923,4186.666667,4167.692308,4216.923077,4137.948718,4181.538462,4121.538462,4358.461538
4160,4167.179487,4176.410256,4184.615385,4223.076923,4198.461538,4185.128205,4183.076923,4170.769231,4220.512821,4138.461538,4184.615385,4117.435897,4355.897436
4151.282051,4161.538462,4170.25641,4184.102564,4223.076923,4190.25641,4175.384615,4181.025641,4162.051282,4217.435897,4136.923077,4183.076923,4111.282051,4354.871795
4156.923077,4173.333333,4176.410256,4189.74359,4224.102564,4186.153846,4168.205128,4181.538462,4167.179487,4216.410256,4141.538462,4187.179487,4117.948718,4361.538462
4160.512821,4175.897436,4180.512821,4189.74359,4224.615385,4192.820513,4176.410256,4186.666667,4180.512821,4224.615385,4146.666667,4190.25641,4126.666667,4367.692308
4151.794872,4165.128205,4174.871795,4183.589744,4221.538462,4189.230769,4174.871795,4188.205128,4178.461538,4227.692308,4138.461538,4186.666667,4117.948718,4370.769231
4148.717949,4158.974359,4171.794872,4183.589744,4223.589744,4178.974359,4164.102564,4181.025641,4165.128205,4220.512821,4129.74359,4180.512821,4107.692308,4367.179487
4151.282051,4162.564103,4170.25641,4180.512821,4223.589744,4185.128205,4169.230769,4183.589744,4165.128205,4217.435897,4140,4175.897436,4115.384615,4361.025641
4157.948718,4166.153846,4172.307692,4178.974359,4222.051282,4192.307692,4179.487179,4193.846154,4173.846154,4221.025641,4147.179487,4176.923077,4117.435897,4369.230769
4157.948718,4162.564103,4167.692308,4181.025641,4224.102564,4184.102564,4176.923077,4186.153846,4171.282051,4220,4131.282051,4171.794872,4104.102564,4375.897436
4148.205128,4149.74359,4154.358974,4174.358974,4223.589744,4176.410256,4166.666667,4172.307692,4160,4217.948718,4118.461538,4163.589744,4097.435897,4370.25641
4152.307692,4145.128205,4156.923077,4171.794872,4223.076923,4178.974359,4160,4174.358974,4161.025641,4218.974359,4128.717949,4166.666667,4106.153846,4363.076923
4163.076923,4155.897436,4169.230769,4178.461538,4221.538462,4180,4163.076923,4178.974359,4168.205128,4217.948718,4140,4172.820513,4114.358974,4360
4167.179487,4162.051282,4169.230769,4184.102564,4224.102564,4172.307692,4162.564103,4170.769231,4158.461538,4218.461538,4134.871795,4173.846154,4109.230769,4366.666667
4165.641026,4162.051282,4165.128205,4183.076923,4224.102564,4169.74359,4158.461538,4167.179487,4154.358974,4220.512821,4129.74359,4174.358974,4106.666667,4370.25641
4159.487179,4159.487179,4165.128205,4180,4219.487179,4176.410256,4162.564103,4178.974359,4167.179487,4220,4133.333333,4178.461538,4110.769231,4362.051282
4157.948718,4143.076923,4164.615385,4174.871795,4223.076923,4177.435897,4169.74359,4182.564103,4161.025641,4218.461538,4126.153846,4178.461538,4103.076923,4353.333333
4163.076923,4142.564103,4162.564103,4171.282051,4225.128205,4176.410256,4174.871795,4177.435897,4149.230769,4218.461538,4123.589744,4175.384615,4098.974359,4345.128205
4171.794872,4156.410256,4165.641026,4180,4224.615385,4176.923077,4175.384615,4174.871795,4152.307692,4220.512821,4132.820513,4179.487179,4107.692308,4344.102564
4169.74359,4150.769231,4162.051282,4183.076923,4225.641026,4173.333333,4168.205128,4167.179487,4150.25641,4221.025641,4127.179487,4180,4102.051282,4348.205128
4157.435897,4138.461538,4152.820513,4173.333333,4222.564103,4166.666667,4156.923077,4158.461538,4141.538462,4218.461538,4112.307692,4173.846154,4088.205128,4349.230769
4158.461538,4137.948718,4154.358974,4171.794872,4222.564103,4160.512821,4146.666667,4157.435897,4140.512821,4221.025641,4113.333333,4173.846154,4088.717949,4347.692308
4166.666667,4144.102564,4157.948718,4174.871795,4222.564103,4165.128205,4146.153846,4163.076923,4144.615385,4226.666667,4127.179487,4175.384615,4097.948718,4343.589744
4164.102564,4146.666667,4157.948718,4177.435897,4221.538462,4165.128205,4151.794872,4167.692308,4145.641026,4223.076923,4129.74359,4177.435897,4103.589744,4343.589744
4154.871795,4137.435897,4152.820513,4176.410256,4223.589744,4153.846154,4148.717949,4166.666667,4145.641026,4217.948718,4118.461538,4176.923077,4098.974359,4341.538462
4152.307692,4123.589744,4145.641026,4167.179487,4220.512821,4155.897436,4146.153846,4163.589744,4145.128205,4216.923077,4113.333333,4167.692308,4088.205128,4333.846154
4164.615385,4128.717949,4152.307692,4171.282051,4221.025641,4169.230769,4154.871795,4167.179487,4144.615385,4217.948718,4121.538462,4171.282051,4091.794872,4328.717949
4169.74359,4146.666667,4160,4182.564103,4225.128205,4163.589744,4155.897436,4168.717949,4144.615385,4223.589744,4128.717949,4179.487179,4104.615385,4322.051282
4166.666667,4149.74359,4155.897436,4180.512821,4224.615385,4152.820513,4146.153846,4162.051282,4142.051282,4222.564103,4124.615385,4171.794872,4100,4313.846154
4170.25641,4144.102564,4155.897436,4178.461538,4227.179487,4162.051282,4146.666667,4161.025641,4143.076923,4219.487179,4123.589744,4169.230769,4096.410256,4302.051282
4167.692308,4146.153846,4158.974359,4180,4223.589744,4163.076923,4152.307692,4168.717949,4147.692308,4221.538462,4126.666667,4177.948718,4108.717949,4286.153846
4160,4143.589744,4155.897436,4180.512821,4218.461538,4146.666667,4146.153846,4163.589744,4142.051282,4228.205128,4123.076923,4176.923077,4106.666667,4277.948718
4156.923077,4137.948718,4147.692308,4178.974359,4220,4140,4135.897436,4151.282051,4127.179487,4227.179487,4116.923077,4167.179487,4094.358974,4264.615385
4158.974359,4139.487179,4148.717949,4177.435897,4222.564103,4147.692308,4141.538462,4156.923077,4130.25641,4223.076923,4116.410256,4168.205128,4101.025641,4249.230769
4164.102564,4140,4157.948718,4176.410256,4224.615385,4156.410256,4152.820513,4167.692308,4146.153846,4226.153846,4117.435897,4175.384615,4113.846154,4245.128205
4158.974359,4136.410256,4151.794872,4173.846154,4222.564103,4157.948718,4150.25641,4165.128205,4150.769231,4226.666667,4120.512821,4171.794872,4118.974359,4235.897436
4153.846154,4134.358974,4143.589744,4176.410256,4224.102564,4157.435897,4144.102564,4159.487179,4146.153846,4221.025641,4127.692308,4169.74359,4126.666667,4225.641026
4161.025641,4140,4148.717949,4181.538462,4223.589744,4160,4152.307692,4166.153846,4153.333333,4215.897436,4131.794872,4170.769231,4135.897436,4220
4163.076923,4145.641026,4154.358974,4182.564103,4218.461538,4158.461538,4157.948718,4171.282051,4159.487179,4219.487179,4123.076923,4171.282051,4136.410256,4213.846154
4160.512821,4143.076923,4153.333333,4183.076923,4223.076923,4154.871795,4150.25641,4164.615385,4148.205128,4223.589744,4114.358974,4172.820513,4134.871795,4209.230769
4162.564103,4148.717949,4157.948718,4184.615385,4222.051282,4151.794872,4151.282051,4168.717949,4148.205128,4216.923077,4124.615385,4174.871795,4145.128205,4203.589744
4169.74359,4157.948718,4166.666667,4188.205128,4218.461538,4152.820513,4161.538462,4184.615385,4163.589744,4219.487179,4133.846154,4180,4157.948718,4198.974359
4171.282051,4155.384615,4166.153846,4185.641026,4222.564103,4164.615385,4163.076923,4187.692308,4163.589744,4230.25641,4131.282051,4179.487179,4162.564103,4197.948718
4167.692308,4148.717949,4166.153846,4182.051282,4221.538462,4172.307692,4162.051282,4174.871795,4153.333333,4230.25641,4130.769231,4175.384615,4162.564103,4205.641026
4168.717949,4149.230769,4169.74359,4186.153846,4219.487179,4171.794872,4166.153846,4167.179487,4154.871795,4217.948718,4131.794872,4179.487179,4161.538462,4206.666667
4168.205128,4148.717949,4163.589744,4183.589744,4220,4173.333333,4167.692308,4171.282051,4162.051282,4215.897436,4137.435897,4181.538462,4165.641026,4193.333333
4166.666667,4146.153846,4157.435897,4182.051282,4222.564103,4170.769231,4161.538462,4176.410256,4162.051282,4222.564103,4141.538462,4180,4164.102564,4191.282051
4168.717949,4148.205128,4158.974359,4185.641026,4223.076923,4170.769231,4165.641026,4179.487179,4168.717949,4221.025641,4138.461538,4183.076923,4160.512821,4192.820513
4169.74359,4150.769231,4161.025641,4183.076923,4220,4183.076923,4174.871795,4184.615385,4183.589744,4218.974359,4147.692308,4189.230769,4173.333333,4187.179487
4169.230769,4146.153846,4158.974359,4182.051282,4220.512821,4182.564103,4161.538462,4182.564103,4183.076923,4220.512821,4155.897436,4186.666667,4178.974359,4188.717949
4163.589744,4144.102564,4156.410256,4182.051282,4220.512821,4172.307692,4150.769231,4180.512821,4176.410256,4219.487179,4152.307692,4178.461538,4169.230769,4191.282051
4161.538462,4150.769231,4161.025641,4181.025641,4219.487179,4177.435897,4161.025641,4182.564103,4178.974359,4219.487179,4153.846154,4177.948718,4168.205128,4188.205128
4166.153846,4159.487179,4168.205128,4187.692308,4223.076923,4177.435897,4168.205128,4183.589744,4177.435897,4219.487179,4164.102564,4181.025641,4177.948718,4182.051282
4167.179487,4162.564103,4166.666667,4189.230769,4224.615385,4170.25641,4165.641026,4184.615385,4173.333333,4218.974359,4164.615385,4180.512821,4178.974359,4180
4168.717949,4152.820513,4164.102564,4183.076923,4225.641026,4172.307692,4165.641026,4180,4172.307692,4217.948718,4153.846154,4180,4165.128205,4186.666667
4166.153846,4146.666667,4162.564103,4180.512821,4223.076923,4175.384615,4173.333333,4173.333333,4174.871795,4218.461538,4145.128205,4175.897436,4153.846154,4182.051282
4161.025641,4151.282051,4161.025641,4185.128205,4220,4175.897436,4175.897436,4173.333333,4171.794872,4219.487179,4144.615385,4170.769231,4154.358974,4174.358974
4166.153846,4157.948718,4162.051282,4188.205128,4222.564103,4183.076923,4173.846154,4175.384615,4170.769231,4221.025641,4152.820513,4174.358974,4159.487179,4182.564103
4170.25641,4165.641026,4160.512821,4186.666667,4220,4188.205128,4171.794872,4177.435897,4182.051282,4220.512821,4157.435897,4176.410256,4161.025641,4185.128205
4166.666667,4164.102564,4165.641026,4189.74359,4221.538462,4181.025641,4164.102564,4174.871795,4179.487179,4217.948718,4155.384615,4172.820513,4154.358974,4175.897436
4158.974359,4150.769231,4167.692308,4185.128205,4223.589744,4175.384615,4158.974359,4167.692308,4165.128205,4224.615385,4154.871795,4167.179487,4148.717949,4170.25641
4154.358974,4143.589744,4154.871795,4177.948718,4219.487179,4169.74359,4158.461538,4162.051282,4159.487179,4232.820513,4149.74359,4164.615385,4144.102564,4171.794872
4163.076923,4156.923077,4155.384615,4187.179487,4222.051282,4166.666667,4157.948718,4165.641026,4165.641026,4227.179487,4148.717949,4170.769231,4146.666667,4171.282051
4171.794872,4173.846154,4166.153846,4191.794872,4221.538462,4178.974359,4162.564103,4175.897436,4175.897436,4214.358974,4164.615385,4175.897436,4160,4173.846154
4178.461538,4173.333333,4171.282051,4187.179487,4221.538462,4191.282051,4173.846154,4184.615385,4185.641026,4218.461538,4180.512821,4181.538462,4172.307692,4184.102564
4187.179487,4174.871795,4177.948718,4190.25641,4221.538462,4193.846154,4185.128205,4193.333333,4203.076923,4229.230769,4190.769231,4191.282051,4185.641026,4185.641026
4191.794872,4189.74359,4186.666667,4200.512821,4218.974359,4197.435897,4188.205128,4200.512821,4217.435897,4224.102564,4201.025641,4196.923077,4196.410256,4187.179487
4191.282051,4196.410256,4185.641026,4205.641026,4222.564103,4199.487179,4181.025641,4200.512821,4213.333333,4215.384615,4201.538462,4194.871795,4193.846154,4187.179487
4180,4186.666667,4173.846154,4195.384615,4222.051282,4196.410256,4172.820513,4192.820513,4197.948718,4216.923077,4189.230769,4187.179487,4177.435897,4174.871795
4170.769231,4176.923077,4169.74359,4189.230769,4220.512821,4197.948718,4172.307692,4183.589744,4187.179487,4221.538462,4173.333333,4180.512821,4155.384615,4171.282051
4169.74359,4185.128205,4169.74359,4195.384615,4223.076923,4197.948718,4175.384615,4181.538462,4184.102564,4220,4165.641026,4177.435897,4143.076923,4172.307692
4174.871795,4198.461538,4170.25641,4200,4222.051282,4193.333333,4177.948718,4180.512821,4178.461538,4215.384615,4171.282051,4177.948718,4146.153846,4164.615385
4180,4198.461538,4176.923077,4202.051282,4223.076923,4188.717949,4177.435897,4181.025641,4176.410256,4220.512821,4178.461538,4181.538462,4144.102564,4160.512821
4172.307692,4185.641026,4174.871795,4198.461538,4223.589744,4191.282051,4175.897436,4187.692308,4187.179487,4228.205128,4175.897436,4180,4140,4162.051282
4169.230769,4172.820513,4169.74359,4193.846154,4222.051282,4194.358974,4173.846154,4188.717949,4193.846154,4226.153846,4175.384615,4179.487179,4145.641026,4168.205128
4177.948718,4173.846154,4171.282051,4194.358974,4222.564103,4191.794872,4173.846154,4185.641026,4188.717949,4215.897436,4184.102564,4182.564103,4153.333333,4171.282051
4180.512821,4177.435897,4174.358974,4196.923077,4221.025641,4189.74359,4176.410256,4185.641026,4189.230769,4214.358974,4192.820513,4181.538462,4155.897436,4168.717949
4181.538462,4177.948718,4176.923077,4199.487179,4223.076923,4192.820513,4178.461538,4184.615385,4191.794872,4227.179487,4194.358974,4184.615385,4154.871795,4172.820513
4185.641026,4189.230769,4180,4199.487179,4223.076923,4195.384615,4183.589744,4185.128205,4191.794872,4229.74359,4199.487179,4187.692308,4158.974359,4175.384615
4187.692308,4194.358974,4183.076923,4199.487179,4220.512821,4189.230769,4177.948718,4185.128205,4190.25641,4218.974359,4201.025641,4183.589744,4160.512821,4175.897436
4182.564103,4184.102564,4180.512821,4197.948718,4220.512821,4184.615385,4171.282051,4181.538462,4182.564103,4223.076923,4195.897436,4181.538462,4153.846154,4176.410256
